{
    "materials":[{
        "transparent":false,
        "wireframe":false,
        "opacity":1,
        "colorEmissive":[0,0,0],
        "mapDiffuse":"cai.jpg",
        "depthWrite":true,
        "mapDiffuseWrap":["repeat","repeat"],
        "visible":true,
        "mapDiffuseRepeat":[1,1],
        "colorDiffuse":[1,1,1],
        "DbgColor":15658734,
        "doubleSided":false,
        "depthTest":true,
        "DbgIndex":0,
        "blending":"NormalBlending",
        "shading":"basic",
        "mapDiffuseAnisotropy":1,
        "DbgName":"cai"
    }],
    "morphTargets":[],
    "normals":[0.450704,-1.81309e-06,0.892673,0.450703,-5.48265e-07,0.892674,0.450703,-1.28095e-07,0.892674,0.450706,3.57707e-06,0.892673,0.450702,-1.00878e-06,0.892674,0.450704,5.69279e-08,0.892673,0.450705,1.74888e-06,0.892673,0.450705,1.65062e-06,0.892673,0.450706,5.87968e-08,0.892672,0.450705,-7.42061e-07,0.892673,0.450706,-0.000266693,0.892672,0.450706,-0.000330107,0.892672,0.450704,4.7177e-07,0.892673,0.450705,4.06665e-07,0.892673,0.450704,-1.50693e-06,0.892674,0.450703,1.31993e-06,0.892674,0.450704,7.22839e-07,0.892673,0.450705,1.72637e-06,0.892673,0.450705,1.31723e-07,0.892673,0.450704,2.48543e-06,0.892673,0.450704,3.30202e-06,0.892673,0.450705,-1.30955e-06,0.892673,0.450707,4.81433e-06,0.892672,0.450705,-1.58991e-06,0.892673,0.450704,-1.28715e-06,0.892673,0.450703,1.4248e-07,0.892674,0.450704,1.23234e-07,0.892673,0.450704,-1.52272e-07,0.892673,-0.450705,2.97228e-07,-0.892673,-0.450704,-3.76008e-07,-0.892674,-0.450703,1.20437e-07,-0.892674,-0.450705,-2.64968e-06,-0.892673,-0.450707,9.08019e-07,-0.892672,-0.450704,2.64715e-06,-0.892673,-0.450704,3.49775e-06,-0.892674,-0.450704,-1.96656e-07,-0.892673,-0.450702,-7.69412e-08,-0.892674,-0.450701,-3.14437e-07,-0.892675,-0.450703,-0.000299574,-0.892674,-0.450702,-0.000400129,-0.892674,-0.450704,5.83816e-07,-0.892673,-0.450705,1.09291e-06,-0.892673,-0.450706,-1.241e-06,-0.892673,-0.450706,2.15404e-07,-0.892672,-0.450704,-8.35783e-07,-0.892673,-0.450705,1.07898e-07,-0.892673,-0.450705,-6.58614e-08,-0.892673,-0.450705,1.73354e-06,-0.892673,-0.450705,-3.09565e-07,-0.892673,-0.450705,1.20479e-06,-0.892673,-0.450703,3.72874e-06,-0.892674,-0.450705,-1.11339e-06,-0.892673,-0.450704,-1.48737e-06,-0.892673,-0.450706,-7.63286e-08,-0.892673,-0.450705,2.46467e-08,-0.892673,-0.450705,5.5833e-08,-0.892673,0.00883789,-0.999951,-0.00446218,0.0707842,-0.996851,-0.0357384,0.0336618,0.999289,-0.0169956,-0.892131,0.0348546,0.450431,-0.0507661,0.998382,0.0256314,-0.0307635,0.999406,0.0155323,0.892645,0.00788622,-0.450691,-9.76475e-08,-1,1.05281e-07,-0.892653,0.0067418,0.450694,0.892224,0.0317321,-0.450477,0.737922,-0.562726,-0.372572,-0.892353,0.026776,0.450543,0.0199802,0.999749,-0.0100879,-0.0587298,0.997833,0.0296523,-0.892511,-0.019044,0.450623,0.892646,0.0078124,-0.450691,-0.887875,0.103541,0.448282,0.88238,-0.15142,-0.445507,-0.212657,-0.97121,0.107369,-0.892645,0.00799996,0.45069,0.522652,-0.810679,-0.263883,-0.0294127,0.999457,0.0148503,0.0762114,0.996349,-0.0384786,-0.892673,1.92529e-08,0.450705,0.0146306,-0.999866,-0.00738688,0.00323429,-0.999993,-0.00163297,0.723672,-0.58549,-0.365377,0.892659,-0.00553481,-0.450698,-0.719741,0.591539,0.363393,-0.565275,-0.773957,0.285404,0.0395553,-0.999018,-0.0199712,0.690722,0.633469,-0.348741,0.892673,-2.35466e-08,-0.450705,-0.890474,-0.0701396,0.449595,0.849927,-0.305743,-0.429122,-0.892663,-0.00461879,0.450701,-0.0479974,0.998553,0.0242336,0.892652,-0.00681798,-0.450694,0.364634,-0.91277,-0.184101,-0.697588,-0.623957,0.352207],
    "uvs":[[0.0337205,0.957626,0.181685,0.919072,0.2248,0.967381,0.22333,0.715615,0.0386198,0.713756,0.0827144,0.918142,0.459485,0.93533,0.489862,0.87773,0.487902,0.936259,0.381093,0.932542,0.247337,0.928362,0.245868,0.876336,0.180215,0.712363,0.0812449,0.713756,0.459975,0.877265,0.381093,0.876801,0.263995,0.701214,0.354889,0.842395,0.280164,0.848465,0.336551,0.728896,0.100843,0.699821,0.238518,0.621318,0.165517,0.70586,0.236134,0.65064,0.238029,0.702143,0.13514,0.645008,0.318331,0.6751,0.30092,0.650852,0.277658,0.640983,0.185604,0.585086,0.336508,0.637111,0.462424,0.582763,0.381093,0.639899,0.340917,0.577654,0.381583,0.990607,0.458994,0.994787,0.099863,0.900955,0.165517,0.899562,0.0293102,0.607383,0.0778162,0.569757,0.500094,0.957626,0.691173,0.967381,0.648058,0.919072,0.689703,0.715615,0.504993,0.713756,0.549088,0.918142,0.925858,0.93533,0.954275,0.936259,0.956235,0.87773,0.847466,0.932542,0.713711,0.928362,0.712241,0.876336,0.646588,0.712363,0.547619,0.713756,0.926348,0.877265,0.847466,0.876801,0.730369,0.701214,0.746538,0.848465,0.821263,0.842395,0.802923,0.728896,0.567217,0.699821,0.631889,0.70586,0.704892,0.621318,0.702507,0.65064,0.704401,0.702143,0.601513,0.645008,0.784704,0.6751,0.767294,0.650852,0.744031,0.640983,0.651978,0.585086,0.802882,0.637111,0.847466,0.639899,0.928798,0.582763,0.807291,0.577654,0.847957,0.990607,0.925368,0.994787,0.566237,0.900955,0.631889,0.899562,0.544189,0.569757,0.495684,0.607383,0.615272,0.362039,0.615272,0.535692,0.552449,0.535692,0.552449,0.362039,0.950007,0.183408,0.950007,0.35706,0.922561,0.35706,0.922561,0.183408,0.979867,0.178429,0.979867,0.00477625,0.996349,0.00477625,0.996349,0.178429,0.880749,0.35706,0.880749,0.183408,0.915258,0.183408,0.915258,0.35706,0.622575,0.535692,0.622575,0.362039,0.671765,0.362039,0.671765,0.535692,0.954512,0.178429,0.954512,0.00477625,0.972564,0.00477625,0.972564,0.178429,0.208014,0.178429,0.208014,0.00477625,0.404915,0.00477625,0.404915,0.178429,0.980444,0.362039,0.980444,0.535692,0.953398,0.535692,0.953398,0.362039,0.54097,0.35706,0.54097,0.183408,0.679429,0.183408,0.679429,0.35706,0.828923,0.178429,0.828923,0.00477625,0.868005,0.00477625,0.868005,0.178429,0.00365156,0.535692,0.00365153,0.362039,0.0204571,0.362039,0.0204572,0.535692,0.875308,0.178429,0.875308,0.00477628,0.910163,0.00477625,0.910163,0.178429,0.821528,0.362039,0.821528,0.535692,0.77985,0.535692,0.77985,0.362039,0.917761,0.535692,0.917761,0.362039,0.946095,0.362039,0.946095,0.535692,0.370357,0.35706,0.370357,0.183408,0.533667,0.183408,0.533667,0.35706,0.828831,0.535692,0.828831,0.362039,0.868584,0.362039,0.868584,0.535692,0.368333,0.362039,0.368333,0.535692,0.269609,0.535692,0.269608,0.362039,0.057053,0.535692,0.0570529,0.362039,0.133587,0.362039,0.133587,0.535692,0.772547,0.362039,0.772547,0.535692,0.746465,0.535692,0.746465,0.362039,0.873446,0.183408,0.873446,0.35706,0.834553,0.35706,0.834553,0.183408,0.875887,0.535692,0.875887,0.362039,0.910458,0.362039,0.910458,0.535692,0.460605,0.362039,0.460605,0.535692,0.375636,0.535692,0.375636,0.362039,0.77985,0.35706,0.77985,0.183408,0.82725,0.183408,0.82725,0.35706,0.570892,0.00477625,0.570892,0.178429,0.412218,0.178429,0.412218,0.00477628,0.976286,0.183408,0.976286,0.35706,0.95731,0.35706,0.95731,0.183408,0.686732,0.35706,0.686732,0.183408,0.772547,0.183408,0.772547,0.35706,0.722255,0.178429,0.722255,0.00477625,0.77452,0.00477625,0.77452,0.178429,0.194605,0.35706,0.194605,0.183408,0.363053,0.183408,0.363054,0.35706,0.138362,0.178429,0.138362,0.00477628,0.200711,0.00477625,0.200711,0.178429,0.947209,0.00477625,0.947209,0.178429,0.917466,0.178429,0.917466,0.00477625,0.545146,0.362039,0.545146,0.535692,0.467908,0.535692,0.467908,0.362039,0.00365156,0.35706,0.00365153,0.183408,0.0577395,0.183408,0.0577396,0.35706,0.187301,0.183408,0.187301,0.35706,0.781823,0.178429,0.781823,0.00477625,0.82162,0.00477625,0.82162,0.178429,0.00365153,0.178429,0.00365153,0.00477628,0.262305,0.362039,0.262305,0.535692,0.14089,0.535692,0.14089,0.362039,0.714952,0.00477625,0.714952,0.178429,0.578195,0.178429,0.578195,0.00477625,0.731434,0.535692,0.731434,0.362039,0.724131,0.362039,0.724131,0.535692,0.684303,0.535692,0.684303,0.362039]],
    "metadata":{
        "version":3,
        "generator":"io_three",
        "vertices":80,
        "uvs":1,
        "faces":96,
        "materials":1,
        "morphTargets":0,
        "normals":96,
        "type":"Geometry"
    },