{
    "materials":[{
        "transparent":false,
        "wireframe":false,
        "opacity":1,
        "colorEmissive":[0,0,0],
        "mapDiffuse":"yuan.jpg",
        "depthWrite":true,
        "mapDiffuseWrap":["repeat","repeat"],
        "visible":true,
        "mapDiffuseRepeat":[1,1],
        "colorDiffuse":[1,1,1],
        "DbgColor":15658734,
        "doubleSided":false,
        "depthTest":true,
        "DbgIndex":0,
        "blending":"NormalBlending",
        "shading":"basic",
        "mapDiffuseAnisotropy":1,
        "DbgName":"yuan"
    }],
    "morphTargets":[],
    "normals":[0.412154,9.61134e-07,0.911114,0.412154,7.33224e-07,0.911114,0.412154,-6.03529e-08,0.911114,0.412154,-7.2859e-08,0.911114,0.412154,3.84095e-07,0.911114,0.412153,-1.45472e-07,0.911115,0.412153,1.79585e-07,0.911115,0.412156,-8.77551e-07,0.911114,0.412156,1.76888e-06,0.911113,0.412155,-4.21997e-07,0.911114,0.412152,1.20549e-06,0.911115,0.412154,6.68279e-08,0.911114,0.412155,-6.32671e-07,0.911114,0.412153,-6.95663e-07,0.911115,0.412154,-1.12668e-06,0.911114,0.412154,0,0.911114,0.412154,-9.78767e-07,0.911114,0.412153,7.51433e-07,0.911115,0.412154,-2.44815e-07,0.911114,0.412154,6.90491e-07,0.911114,0.412153,1.5598e-06,0.911114,0.412154,3.83373e-07,0.911114,0.412154,-5.29993e-07,0.911114,0.412154,-1.95422e-05,0.911114,0.412154,-5.01425e-05,0.911114,0.412154,9.2821e-06,0.911114,0.412154,-1.09241e-07,0.911114,0.412154,4.46055e-07,0.911114,0.412154,2.25379e-07,0.911114,0.412152,-2.25301e-06,0.911115,0.412156,-4.17577e-06,0.911114,0.412153,6.02698e-06,0.911115,0.412153,9.76328e-07,0.911114,0.412154,-8.96476e-08,0.911114,0.412154,2.17178e-07,0.911114,0.412154,-4.53068e-07,0.911114,0.412154,-8.10219e-08,0.911114,0.412154,4.89162e-07,0.911114,0.412154,3.53086e-07,0.911114,0.412154,4.94232e-07,0.911114,-0.412154,1.00118e-08,-0.911114,-0.412154,1.44447e-07,-0.911114,-0.412154,-7.49839e-08,-0.911114,-0.412154,-2.79726e-08,-0.911114,-0.412154,-3.84095e-07,-0.911114,-0.412153,3.66088e-07,-0.911115,-0.412153,-1.65956e-07,-0.911115,-0.412156,7.18625e-07,-0.911113,-0.412156,-2.37003e-06,-0.911113,-0.412153,-5.88967e-08,-0.911114,-0.412152,-1.1677e-06,-0.911115,-0.412154,-0,-0.911114,-0.412155,6.44498e-07,-0.911114,-0.412153,7.11009e-07,-0.911115,-0.412154,1.58168e-06,-0.911114,-0.412153,-1.14895e-05,-0.911115,-0.412154,1.00012e-06,-0.911114,-0.412154,-9.1591e-07,-0.911114,-0.412154,-9.38456e-07,-0.911114,-0.412154,-1.03574e-06,-0.911114,-0.412154,-2.66308e-07,-0.911114,-0.412154,4.08932e-07,-0.911114,-0.412154,1.21141e-06,-0.911114,-0.412154,-1.10915e-05,-0.911114,-0.412153,-1.43264e-05,-0.911114,-0.412154,9.66886e-06,-0.911114,-0.412154,6.3724e-08,-0.911114,-0.412154,8.25695e-08,-0.911114,-0.412154,-7.88828e-08,-0.911114,-0.412154,-1.0561e-06,-0.911114,-0.412155,4.0176e-06,-0.911113,-0.412153,-5.75303e-06,-0.911115,-0.412154,-1.9759e-07,-0.911114,-0.412154,-8.96476e-08,-0.911114,-0.412154,7.5177e-08,-0.911114,-0.412154,4.11879e-08,-0.911114,-0.412154,2.77789e-07,-0.911114,-0.412154,-9.78325e-08,-0.911114,-0.412154,-2.71605e-07,-0.911114,-0.412154,-8.36393e-07,-0.911114,-0.91099,-0.0165269,0.412097,0.858827,-0.333892,-0.388501,0.0125657,0.999905,-0.00568435,-0.105235,0.993307,0.0476041,-0,1,0,0.0452525,-0.998766,-0.0204705,0.911026,-0.0138867,-0.412114,0.0183409,0.999797,-0.00829684,-0.91005,-0.0483314,0.411672,-0.00558928,0.999981,0.00252838,0.407559,-0.894374,-0.184364,2.0596e-08,-1,4.55298e-08,-0.911114,0,0.412153,0.657865,-0.691847,-0.297593,0.0184647,0.999795,-0.00835273,-0.0150465,0.999864,0.00680645,0.164775,-0.983511,-0.0745381,-0.910276,0.0428789,0.411774,0.909898,-0.0516544,-0.411603,0.910298,0.0423334,-0.411784,0.911083,0.00826367,-0.41214,-0.911114,5.19522e-08,0.412154,-0.908213,-0.0797452,0.410841,-0,-1,0,-0.911098,0.00588189,0.412147,0.878838,-0.263808,-0.397553,-0,-1,0,0.492587,-0.841253,-0.222828,-0.0568336,0.998053,0.0257094,-0.0316717,0.999396,0.0143271,0.910544,-0.0353751,-0.411896,0.910894,0.0219775,-0.412054,0.907672,-0.0868497,-0.410596,0.911049,0.0119754,-0.412124,-0.0193796,-0.999774,0.00876659,0.108846,-0.992839,-0.0492378,0.910375,-0.0402777,-0.411819,0.910964,0.0181777,-0.412086,-0.910682,-0.0307836,0.411959,-0.00611471,-0.999978,0.00276606,0.0249526,0.999625,-0.0112876,0.911062,0.0107519,-0.41213,0.908483,-0.0759415,-0.410964,-0.910958,-0.0185145,0.412083,6.68692e-08,1,-8.50958e-08,0.91098,-0.0171425,-0.412093,0.765137,-0.542924,-0.346119,-0.0083585,-0.999958,0.0037811,0,1,0,-0.0325192,0.999363,0.0147105,0.910466,0.0377112,-0.411861,-0.911007,0.0153828,0.412104,-0.910748,0.0283574,0.411988,0.00637126,-0.999976,-0.00288212,-0.911063,0.0106385,0.412131,-0.911114,0,0.412153,-0.0123951,-0.999907,0.00560711],