{
    "materials":[{
        "transparent":false,
        "wireframe":false,
        "opacity":1,
        "colorEmissive":[0,0,0],
        "mapDiffuse":"gun.jpg",
        "depthWrite":true,
        "mapDiffuseWrap":["repeat","repeat"],
        "visible":true,
        "mapDiffuseRepeat":[1,1],
        "colorDiffuse":[1,1,1],
        "DbgColor":15658734,
        "doubleSided":false,
        "depthTest":true,
        "DbgIndex":0,
        "blending":"NormalBlending",
        "shading":"basic",
        "mapDiffuseAnisotropy":1,
        "DbgName":"gun"
    }],
    "morphTargets":[],
    "normals":[0.49231,1.28605e-07,0.87042,0.492309,-2.12522e-06,0.87042,0.49231,-2.96373e-06,0.87042,0.492309,-6.37314e-07,0.87042,0.49231,8.327e-07,0.87042,0.49231,6.66312e-07,0.87042,0.492309,-1.06916e-06,0.870421,0.49231,2.8358e-06,0.87042,0.492309,1.09193e-06,0.87042,0.49231,-7.67552e-07,0.87042,0.492309,-6.68971e-05,0.87042,0.49231,0.00028777,0.87042,0.492309,1.68648e-07,0.87042,0.49231,-7.44549e-08,0.87042,0.492309,-1.39883e-06,0.87042,0.49231,2.9179e-07,0.87042,0.49231,2.8985e-07,0.87042,0.492309,2.8186e-07,0.87042,0.49231,3.09936e-07,0.87042,0.492309,-1.82153e-08,0.87042,0.49231,-3.60967e-07,0.87042,0.492309,-8.98316e-07,0.87042,0.49231,-2.60264e-07,0.87042,0.49231,1.1651e-07,0.87042,0.49231,4.69547e-07,0.87042,0.492309,-6.24132e-07,0.87042,0.49231,0,0.87042,0.49231,-3.58373e-08,0.87042,0.49231,-2.30697e-08,0.87042,0.492309,4.14738e-07,0.87042,0.49231,-1.84132e-07,0.87042,0.49231,-2.98426e-07,0.87042,0.49231,-1.47494e-08,0.87042,0.49231,3.44288e-07,0.87042,0.492309,-7.39857e-09,0.87042,0.49231,1.14354e-07,0.87042,-0.49231,-1.35035e-06,-0.87042,-0.49231,-1.06261e-06,-0.87042,-0.492312,9.41412e-06,-0.870419,-0.49231,3.03483e-07,-0.87042,-0.492311,-6.8698e-07,-0.87042,-0.492309,1.18984e-06,-0.87042,-0.49231,-8.28597e-07,-0.87042,-0.49231,4.72634e-07,-0.87042,-0.49231,2.72984e-07,-0.87042,-0.49231,-1.6085e-07,-0.87042,-0.49231,-6.02074e-05,-0.87042,-0.49231,-0.000215848,-0.87042,-0.49231,5.05943e-07,-0.87042,-0.49231,6.45276e-07,-0.87042,-0.49231,-5.02705e-07,-0.87042,-0.49231,3.02597e-07,-0.87042,-0.49231,3.60355e-07,-0.87042,-0.492309,-7.75116e-07,-0.87042,-0.492309,-5.96031e-08,-0.87042,-0.492309,1.09292e-07,-0.87042,-0.49231,-1.83303e-07,-0.87042,-0.49231,-6.18085e-07,-0.87042,-0.49231,-2.81953e-07,-0.87042,-0.492309,4.27513e-07,-0.87042,-0.49231,-1.34995e-06,-0.87042,-0.49231,1.09223e-06,-0.87042,-0.49231,-1.0001e-06,-0.87042,-0.49231,-3.22535e-07,-0.87042,-0.492309,-2.88372e-07,-0.87042,-0.49231,4.3277e-07,-0.87042,-0.492309,-8.36965e-08,-0.87042,-0.49231,1.02905e-07,-0.87042,-0.49231,1.47494e-07,-0.87042,-0.49231,2.18329e-07,-0.87042,-0.49231,2.21957e-07,-0.87042,-0.49231,0,-0.87042,0.743512,-0.519946,-0.420531,-0.870158,0.024533,0.492161,-0.00997548,-0.999934,0.00564213,-0.242433,-0.960429,0.13712,0.870359,0.0119033,-0.492275,0.24642,-0.959089,-0.139375,-0.044144,0.998713,0.0249678,0.774445,0.456474,-0.438026,-0.695634,0.601074,0.39345,-0.870408,-0.00529159,0.492303,-0,-1,0,-0.00690786,-0.999969,0.00390713,0.216465,0.968583,-0.122433,0.762031,0.483263,-0.431005,-0.87042,0,0.49231,0.0233585,0.99964,-0.0132116,0.718794,-0.563962,-0.40655,-0.870359,0.0118336,0.492275,0.870127,-0.025965,-0.492144,0.017881,0.999789,-0.0101135,-0.672994,0.634184,0.380645,0.261149,0.953931,-0.147706,-0.773781,-0.457957,0.437651,-0.789788,-0.420345,0.446704,-0.778528,0.447213,0.440335,0.87042,0,-0.49231,-0.329569,0.925547,0.186404,0.720251,-0.561502,-0.407374,-0.00916178,-0.999945,0.0051819,0.808705,0.369834,-0.457404,0.791967,0.4149,-0.447936,-0.869619,0.0428788,0.491857,0.764507,0.478073,-0.432405,0.681635,-0.621883,-0.385533,0.306784,-0.935829,-0.173517,-0.0170637,0.999808,0.00965125,-0.207046,0.971297,0.117105,0.870284,0.0176954,-0.492233,-0.0116046,-0.999911,0.00656361,0.870386,0.00884549,-0.492291,-0.125608,0.989533,0.0710439,-0.868535,0.0657902,0.491243,-0.74975,-0.507985,0.424059,-0.0118416,-0.999907,0.00669765,0.869448,-0.0472437,-0.49176,-0.0165449,0.999819,0.00935778,-0.0667585,0.997054,0.0377586,-0.0026299,-0.999995,0.00148753,0.870369,0.0108091,-0.492281,-0.304433,-0.936841,0.172187,-0.0169971,0.999809,0.00961356,-0.208456,0.970899,0.117903,0.869248,-0.0518784,-0.491647,-0.00506048,0.999983,0.00286221,0.023359,0.99964,-0.0132119,-0.853517,-0.196117,0.482749,0.237757,-0.961971,-0.134475],