{
    "materials":[{
        "transparent":false,
        "wireframe":false,
        "opacity":1,
        "colorEmissive":[0,0,0],
        "mapDiffuse":"chu.jpg",
        "depthWrite":true,
        "mapDiffuseWrap":["repeat","repeat"],
        "visible":true,
        "mapDiffuseRepeat":[1,1],
        "colorDiffuse":[1,1,1],
        "DbgColor":15658734,
        "doubleSided":false,
        "depthTest":true,
        "DbgIndex":0,
        "blending":"NormalBlending",
        "shading":"basic",
        "mapDiffuseAnisotropy":1,
        "DbgName":"chu"
    }],
    "morphTargets":[],
    "normals":[0.412153,3.82627e-05,0.911115,0.412155,-3.15059e-05,0.911114,0.412158,-8.86172e-05,0.911112,0.412154,1.88726e-06,0.911114,0.412154,2.64608e-07,0.911114,0.412154,-3.98353e-07,0.911114,0.412154,7.16438e-07,0.911114,0.412153,7.58712e-05,0.911115,0.412155,-0.000104234,0.911114,0.412154,5.06273e-06,0.911114,0.412154,-1.55642e-05,0.911114,0.412154,1.30813e-05,0.911114,0.412154,2.50486e-07,0.911114,0.412154,8.37536e-07,0.911114,0.412154,-5.27496e-07,0.911114,0.412154,2.18646e-07,0.911114,0.412153,-1.56324e-07,0.911115,0.412153,0,0.911115,0.412154,-1.11302e-07,0.911114,0.412154,3.16846e-08,0.911114,0.412154,1.24014e-07,0.911114,-0.412153,-1.01635e-05,-0.911115,-0.412154,1.18147e-05,-0.911114,-0.41215,-9.23099e-05,-0.911116,-0.412154,6.62195e-07,-0.911114,-0.412154,-9.92278e-08,-0.911114,-0.412154,1.19506e-06,-0.911114,-0.412154,-1.6934e-06,-0.911114,-0.412154,2.75895e-05,-0.911114,-0.412153,-5.37984e-05,-0.911115,-0.412154,-8.31735e-06,-0.911114,-0.412154,-1.40078e-05,-0.911114,-0.412154,9.15689e-06,-0.911114,-0.412153,-6.26215e-07,-0.911114,-0.412154,1.59531e-06,-0.911114,-0.412154,-6.59369e-07,-0.911114,-0.412153,4.85881e-08,-0.911115,-0.412154,-1.38955e-07,-0.911114,-0.412154,-2.48658e-07,-0.911114,-0.412154,1.11302e-07,-0.911114,-0.412154,-2.02781e-07,-0.911114,-0.412154,1.45582e-07,-0.911114,0.859772,-0.330949,-0.388928,0.0157388,-0.999851,-0.00711962,0.839456,-0.388731,-0.379738,0.47517,-0.853235,-0.214949,-0.0102309,-0.999937,0.00462809,0.323341,-0.93491,-0.146267,-0.0239692,0.999654,0.0108427,-0.00551972,0.999982,0.00249691,-0.911066,0.0102561,0.412132,-0,1,0,0.909929,-0.0509972,-0.411618,0.0220806,0.999706,-0.00998842,-0.911031,0.0135583,0.412116,0.91097,-0.0177909,-0.412089,-0.911023,0.0141494,0.412113,-0.911055,0.011363,0.412127,0.698068,-0.642638,-0.31578,0.910001,-0.0494099,-0.411651,-0.911019,-0.0144396,0.412111,0.91093,-0.0201113,-0.412071,0.00562378,-0.999981,-0.00254398,-0.0300228,0.999457,0.0135811,0.910361,-0.0406601,-0.411813,0.0174082,0.999817,-0.00787482,0.911114,0.000116254,-0.412154,-0.0528146,0.998318,0.0238913,-0.910974,0.0175412,0.412091,0.0110424,0.999927,-0.00499519,-0.049031,0.998551,0.0221798],
    "uvs":[[0.838632,0.816996,0.978244,0.823127,0.907325,0.821563,0.765951,0.811921,0.69194,0.807355,0.969739,0.795363,0.621474,0.754077,0.951784,0.770853,0.920448,0.757235,0.765065,0.755092,0.837745,0.755599,0.834644,0.579019,0.986302,0.575091,0.918848,0.581556,0.763292,0.576482,0.682633,0.573438,0.613941,0.518637,0.972703,0.538183,0.938804,0.51446,0.767724,0.961608,0.840848,0.959579,0.908654,0.929134,0.978233,0.927612,0.624134,0.927612,0.697258,0.926597,0.917075,0.72211,0.991528,0.72211,0.615713,0.716528,0.688838,0.717036,0.351298,0.853497,0.433084,0.857754,0.517522,0.859213,0.264763,0.848767,0.176644,0.84451,0.507397,0.833331,0.0927465,0.794844,0.486018,0.810483,0.44871,0.797788,0.263707,0.79579,0.350242,0.796263,0.346549,0.631656,0.446804,0.634021,0.527118,0.627995,0.261597,0.629292,0.165563,0.626453,0.0837768,0.575368,0.510925,0.593589,0.470565,0.571475,0.266873,0.988304,0.353936,0.986412,0.434667,0.958032,0.51751,0.956613,0.0959133,0.956613,0.182976,0.955667,0.444693,0.765045,0.533339,0.765045,0.0858875,0.759842,0.172951,0.760315,0.453151,0.462328,0.453151,0.315799,0.480079,0.315799,0.480079,0.462328,0.903647,0.162672,0.903647,0.309201,0.815982,0.309201,0.815982,0.162672,0.265033,0.309201,0.265033,0.162672,0.301111,0.162672,0.301111,0.309201,0.253855,0.0330823,0.00558934,0.0330823,0.00558934,0.00954565,0.253855,0.00954562,0.253855,0.235252,0.0055894,0.235252,0.780541,0.309201,0.780541,0.162672,0.117743,0.541506,0.117743,0.394977,0.208255,0.394977,0.208255,0.541506,0.343615,0.468926,0.343615,0.564298,0.265034,0.564298,0.265033,0.468926,0.265033,0.156075,0.265033,0.00954565,0.450782,0.00954562,0.450782,0.156075,0.905619,0.156075,0.905619,0.00954562,0.985623,0.00954562,0.985623,0.156075,0.782595,0.156074,0.782595,0.00954562,0.89444,0.00954562,0.89444,0.156074,0.444534,0.564298,0.444534,0.468926,0.523083,0.468926,0.523083,0.564298,0.628856,0.309201,0.628856,0.162672,0.769363,0.162672,0.769363,0.309201,0.771416,0.00954562,0.771416,0.156074,0.638184,0.156074,0.638184,0.00954562,0.00558937,0.541506,0.00558934,0.394977,0.106564,0.394977,0.106564,0.541506,0.450025,0.309201,0.450025,0.162672,0.617677,0.162672,0.617677,0.309201,0.428104,0.462328,0.428104,0.315799,0.588691,0.462328,0.588691,0.315799,0.723357,0.315799,0.723357,0.462328,0.734535,0.462328,0.734535,0.315799,0.866436,0.315799,0.866436,0.462328,0.461961,0.156074,0.461961,0.00954565,0.627005,0.00954562,0.627005,0.156074,0.416926,0.315799,0.416926,0.462328,0.265033,0.462328,0.265033,0.315799,0.964324,0.315799,0.964324,0.462328,0.877615,0.462328,0.877615,0.315799,0.438847,0.162672,0.438847,0.309201,0.609008,0.468926,0.609008,0.564298,0.534262,0.564298,0.534262,0.468926,0.577512,0.315799,0.577512,0.462328,0.253537,0.24185,0.253537,0.388379,0.179666,0.388379,0.179666,0.24185,0.00558937,0.388379,0.00558934,0.24185,0.168487,0.24185,0.168487,0.388379,0.354794,0.564298,0.354794,0.468926,0.433356,0.468926,0.433356,0.564298,0.914825,0.309201,0.914825,0.162672,0.994411,0.162672,0.994411,0.309201]],
    "metadata":{
        "version":3,
        "generator":"io_three",
        "vertices":58,
        "uvs":1,
        "faces":71,
        "materials":1,
        "morphTargets":0,
        "normals":71,
        "type":"Geometry"
    },