{
    "materials":[{
        "transparent":false,
        "wireframe":false,
        "opacity":1,
        "colorEmissive":[0,0,0],
        "mapDiffuse":"ji.jpg",
        "depthWrite":true,
        "mapDiffuseWrap":["repeat","repeat"],
        "visible":true,
        "mapDiffuseRepeat":[1,1],
        "colorDiffuse":[1,1,1],
        "DbgColor":15658734,
        "doubleSided":false,
        "depthTest":true,
        "DbgIndex":0,
        "blending":"NormalBlending",
        "shading":"basic",
        "mapDiffuseAnisotropy":1,
        "DbgName":"ji"
    }],
    "morphTargets":[],
    "normals":[0.26683,-9.43185e-07,0.963744,0.266829,-3.17008e-08,0.963744,0.26683,-5.83376e-08,0.963744,0.266831,1.96353e-06,0.963743,0.266832,-5.85825e-07,0.963743,0.26683,1.98473e-07,0.963743,0.266829,2.63517e-07,0.963744,0.266829,0,0.963744,0.266829,-1.85624e-07,0.963744,0.26683,-1.1385e-07,0.963744,0.26683,2.62206e-07,0.963744,0.266826,3.16398e-06,0.963745,0.26683,6.57151e-07,0.963744,0.266831,6.39714e-07,0.963743,0.26683,9.12763e-08,0.963744,0.26683,-1.3136e-07,0.963744,0.266827,3.51518e-07,0.963744,0.266829,-2.74585e-07,0.963744,0.266832,4.02002e-06,0.963743,0.26683,2.30653e-07,0.963744,0.26683,-3.9448e-07,0.963744,0.26683,4.97984e-08,0.963744,0.26683,-3.41569e-06,0.963744,0.26683,1.0141e-06,0.963744,0.266828,-3.04486e-06,0.963744,0.266829,3.68676e-07,0.963744,0.266829,6.29366e-07,0.963744,0.266829,1.3326e-07,0.963744,0.26683,1.9305e-07,0.963744,-0.26683,3.09241e-08,-0.963744,-0.26683,-7.8696e-08,-0.963744,-0.266829,-5.77574e-08,-0.963744,-0.266831,-2.71155e-06,-0.963743,-0.266832,5.33105e-07,-0.963743,-0.266827,3.61187e-07,-0.963744,-0.266829,-2.94914e-07,-0.963744,-0.266829,-3.00189e-08,-0.963744,-0.266831,-5.07689e-07,-0.963743,-0.26683,6.62786e-08,-0.963744,-0.26683,-2.62206e-08,-0.963744,-0.266833,2.57417e-06,-0.963743,-0.266829,-7.28637e-07,-0.963744,-0.266831,-6.99854e-07,-0.963743,-0.26683,-6.21037e-07,-0.963744,-0.266829,1.69673e-07,-0.963744,-0.266827,-3.9431e-07,-0.963745,-0.266829,2.40262e-07,-0.963744,-0.26683,-5.21109e-07,-0.963744,-0.26683,-1.33037e-06,-0.963744,-0.26683,4.49269e-07,-0.963744,-0.26683,-5.92837e-08,-0.963744,-0.266829,-3.3689e-06,-0.963744,-0.26683,-1.0883e-06,-0.963744,-0.266828,2.98741e-06,-0.963744,-0.266829,5.59587e-07,-0.963744,-0.26683,3.63096e-08,-0.963744,-0.266831,-1.50642e-07,-0.963743,-0.26683,-1.44788e-07,-0.963744,0.188997,0.980582,-0.0523272,-0.346255,-0.93323,0.0958667,0.0437648,-0.998968,-0.0121169,-0.963736,-0.004054,0.266828,-0.963539,0.0206123,0.266773,0.962788,-0.0445136,-0.266566,0.963483,-0.0232509,-0.266757,-0.013459,0.999902,0.00372638,-0,1,0,-0.963731,-0.00516786,0.266826,-0.0224057,0.99973,0.0062034,-9.23605e-10,-1,4.23851e-08,0.963706,0.00884918,-0.266819,-0.96373,0.00534847,0.266825,0.906019,-0.340888,-0.250847,0.96313,-0.0356914,-0.266659,-0.963742,-0.00186733,0.266829,0.0315078,-0.999465,-0.00872347,-0.963678,0.0116961,0.266812,-0.963716,0.00757551,0.266822,-0.963074,0.037262,0.266645,0.963597,-0.0174378,-0.266789,0.0116806,-0.999927,-0.00323393,-0.0620457,0.997925,0.0171784,-0.0272605,-0.9996,0.00754754,-0,-1,0,-0.0152998,-0.999874,0.00423602,-0.0253612,0.999654,0.00702165,0.963639,-0.0147209,-0.266801,0.963678,-0.0116877,-0.266811,0.451217,-0.883627,-0.124927],
    "uvs":[[0.521834,0.987091,0.610321,0.944533,0.672683,0.989198,0.667205,0.617131,0.523098,0.67528,0.583775,0.944954,0.582511,0.872479,0.609478,0.872479,0.581668,0.831607,0.609478,0.832871,0.609057,0.77725,0.580404,0.77725,0.579983,0.737221,0.608636,0.737221,0.577046,0.671315,0.608214,0.658425,0.510563,0.621036,0.510457,0.677808,0.592202,0.658004,0.591359,0.617131,0.559532,0.623017,0.811734,0.944954,0.813419,0.618816,0.877046,0.667695,0.880839,0.992147,0.53676,0.610951,0.699651,0.987934,0.767069,0.946218,0.903592,0.621766,0.90317,0.66938,0.685745,0.615024,0.755271,0.615867,0.116756,0.987091,0.267605,0.989198,0.205243,0.944533,0.262127,0.617131,0.11802,0.67528,0.178697,0.944954,0.177433,0.872479,0.2044,0.872479,0.17659,0.831607,0.2044,0.832871,0.203979,0.77725,0.175325,0.77725,0.174904,0.737221,0.203557,0.737221,0.171968,0.671315,0.203136,0.658425,0.105485,0.621036,0.105379,0.677808,0.187124,0.658004,0.186281,0.617131,0.154455,0.623017,0.406656,0.944954,0.475761,0.992147,0.471968,0.667695,0.408342,0.618816,0.131682,0.610951,0.294573,0.987934,0.361991,0.946218,0.498092,0.66938,0.498514,0.621766,0.350193,0.615867,0.280667,0.615024,0.981489,0.298267,0.981489,0.156025,0.994802,0.156025,0.994802,0.298267,0.193078,0.463651,0.193078,0.605893,0.165731,0.605893,0.165731,0.463651,0.983067,0.304671,0.983067,0.446913,0.953815,0.446913,0.953815,0.304671,0.00519824,0.255341,0.236092,0.255341,0.236092,0.457247,0.0051983,0.457247,0.303805,0.605269,0.303805,0.470778,0.346775,0.470778,0.346775,0.605269,0.780855,0.446913,0.780855,0.304671,0.850194,0.304671,0.850194,0.446913,0.0740632,0.605893,0.0740631,0.463651,0.131177,0.463651,0.131177,0.605893,0.887608,0.156025,0.887608,0.298267,0.729068,0.298267,0.729068,0.156025,0.683113,0.587609,0.683113,0.445367,0.713231,0.445367,0.713231,0.587609,0.487778,0.227782,0.718672,0.227782,0.718672,0.438963,0.487778,0.438963,0.919476,0.00737879,0.919476,0.14962,0.729068,0.14962,0.729068,0.00737879,0.672717,0.445367,0.672717,0.587609,0.593001,0.587609,0.593001,0.445367,0.929872,0.14962,0.929872,0.00737879,0.979806,0.00737879,0.979806,0.14962,0.86059,0.446913,0.86059,0.304671,0.943419,0.304671,0.943419,0.446913,0.729068,0.446913,0.729068,0.304671,0.487778,0.00737879,0.718672,0.00737879,0.718672,0.221378,0.487778,0.221378,0.901733,0.595559,0.901733,0.453318,0.961406,0.453318,0.961406,0.595559,0.582605,0.445367,0.582605,0.587609,0.487778,0.587609,0.487778,0.445367,0.81559,0.595559,0.81559,0.453318,0.891336,0.453318,0.891336,0.595559,0.00519824,0.605893,0.00519824,0.463651,0.0636667,0.463651,0.0636667,0.605893,0.236092,0.248936,0.00519827,0.248936,0.00519824,0.00737882,0.236092,0.00737879,0.805194,0.453318,0.805194,0.595559,0.729068,0.595559,0.729068,0.453318,0.357171,0.605269,0.357171,0.470778,0.385517,0.470778,0.385517,0.605269,0.898004,0.298267,0.898004,0.156025,0.971092,0.156025,0.971092,0.298267,0.461646,0.470778,0.461646,0.605269,0.434203,0.605269,0.434203,0.470778,0.246488,0.605269,0.246488,0.470778,0.293408,0.470778,0.293408,0.605269,0.203475,0.605893,0.203475,0.463651,0.233589,0.463651,0.233589,0.605893,0.395914,0.605269,0.395914,0.470778,0.423806,0.470778,0.423806,0.605269,0.988629,0.453318,0.988629,0.595559,0.971803,0.595559,0.971803,0.453318,0.246488,0.00737879,0.477382,0.00737879,0.477382,0.248096,0.246488,0.248096,0.246488,0.254501,0.477382,0.2545,0.477382,0.464374,0.246488,0.464374,0.141574,0.605893,0.141574,0.463651]],
    "metadata":{
        "version":3,
        "generator":"io_three",
        "vertices":64,
        "uvs":1,
        "faces":90,
        "materials":1,
        "morphTargets":0,
        "normals":89,
        "type":"Geometry"
    },