{
    "morphTargets":[],
    "normals":[0.412155,-2.27184e-05,0.911114,0.412155,-3.93832e-05,0.911114,0.412147,0.000162464,0.911117,0.412154,-5.87698e-07,0.911114,0.412154,-1.58764e-06,0.911114,0.412153,2.82167e-06,0.911114,0.412154,-4.29863e-06,0.911114,0.412154,0,0.911114,0.412152,0.000114321,0.911115,0.412154,-1.4465e-05,0.911114,0.412154,3.11284e-06,0.911114,0.412154,-2.093e-05,0.911114,0.412154,1.00195e-06,0.911114,0.412154,1.92434e-06,0.911114,0.412154,2.70341e-06,0.911114,0.412154,-3.6441e-07,0.911114,0.412154,-2.51856e-07,0.911114,0.412153,1.24329e-07,0.911115,0.412153,0,0.911114,0.412154,2.53476e-08,0.911114,0.412154,1.07839e-07,0.911114,-0.412152,-4.00561e-05,-0.911115,-0.412154,1.18149e-05,-0.911114,-0.412155,4.06163e-05,-0.911114,-0.412154,3.74968e-06,-0.911114,-0.412154,-7.60746e-07,-0.911114,-0.412154,-2.5561e-06,-0.911114,-0.412154,5.34072e-06,-0.911114,-0.412155,8.27707e-05,-0.911114,-0.412153,-6.05232e-05,-0.911115,-0.412153,1.04871e-05,-0.911115,-0.412154,-1.40078e-05,-0.911114,-0.412154,-2.48544e-05,-0.911114,-0.412154,6.88837e-07,-0.911114,-0.412154,5.78298e-07,-0.911114,-0.412154,-2.57154e-06,-0.911114,-0.412154,-2.4294e-07,-0.911114,-0.412153,-2.34486e-07,-0.911114,-0.412154,-8.70303e-08,-0.911114,-0.412154,1.11302e-07,-0.911114,-0.412154,-6.97061e-08,-0.911114,-0.412154,-2.10285e-07,-0.911114,0.859773,-0.330947,-0.388929,0.0157387,-0.999851,-0.0071198,0.839457,-0.388729,-0.379739,0.475169,-0.853236,-0.214948,-0.0102309,-0.999937,0.00462806,0.323342,-0.934909,-0.146268,-0.0239691,0.999654,0.0108427,-0.00551965,0.999982,0.0024971,-0.911067,0.0102566,0.412132,8.23839e-08,1,1.8212e-07,0.909929,-0.0509972,-0.411618,0.0220806,0.999706,-0.00998841,-0.911031,0.0135584,0.412116,0.91097,-0.0177906,-0.412088,-0.911023,0.014149,0.412113,-0.911056,0.0113628,0.412127,0.698067,-0.64264,-0.315779,0.910002,-0.049409,-0.41165,-0.91102,-0.0144397,0.41211,0.91093,-0.0201112,-0.41207,0.00562383,-0.999981,-0.00254422,-0.0300228,0.999457,0.0135812,0.910361,-0.0406606,-0.411813,0.0174082,0.999817,-0.00787482,0.911114,0.000115849,-0.412154,-0.0528147,0.998318,0.0238916,-0.910974,0.0175406,0.41209,0.0110424,0.999927,-0.00499518,-0.0490309,0.998551,0.0221799],
    "vertices":[-0.855436,0.0615085,0.667607,-0.846161,1.05392,0.663411,-0.463615,1.05647,0.490361,-0.496073,0.33633,0.505044,-0.0741121,0.351599,0.314165,-0.0648386,1.24731,0.30997,-0.816021,1.24223,0.649777,-0.802111,2.11249,0.643484,-0.419564,2.10741,0.470434,-0.447385,1.50941,0.48302,-0.0602019,1.53231,0.307872,-0.0509274,2.28299,0.303678,0.331619,2.27281,0.130628,0.320027,1.55776,0.135872,0.67939,1.58066,-0.0266903,0.686345,2.12013,-0.0298365,1.05034,2.11249,-0.194496,1.0504,1.58851,-0.194521,1.00591,1.44927,-0.174395,0.911976,1.32636,-0.131903,0.748045,1.25806,-0.0577477,0.31539,1.24986,0.137969,0.299161,0.364321,0.145311,0.73967,0.377044,-0.0539587,0.730395,1.08191,-0.0497635,1.1199,1.08191,-0.22596,1.09256,0.344623,-0.213594,1.02141,0.159531,-0.181408,0.844073,0.0405617,-0.101187,-1.06182,1.24223,0.106402,0.760106,1.44927,-0.71777,-0.741875,0.33633,-0.0383304,-0.319915,0.351599,-0.22921,-0.306004,1.53231,-0.235502,0.804597,1.58851,-0.737896,-0.693187,1.50941,-0.060355,-0.310641,1.24731,-0.233405,-1.04791,2.11249,0.100109,-0.665366,2.10741,-0.0729402,0.0742247,1.55776,-0.407503,-0.29673,2.28299,-0.239697,0.0858171,2.27281,-0.412747,0.84676,0.344623,-0.756969,0.775608,0.159531,-0.724783,-1.10124,0.0615085,0.124232,0.598271,0.0405617,-0.644562,0.666174,1.32636,-0.675279,-0.709417,1.05647,-0.0530136,-1.09196,1.05392,0.120036,0.502243,1.25806,-0.601123,0.0533583,0.364321,-0.398064,0.493868,0.377044,-0.597334,0.484593,1.08191,-0.593139,0.874096,1.08191,-0.769335,0.433587,1.58066,-0.570065,0.440542,2.12013,-0.573212,0.804542,2.11249,-0.737871,0.069588,1.24986,-0.405406],
    "metadata":{
        "normals":71,
        "version":3,
        "generator":"io_three",
        "materials":1,
        "uvs":1,
        "morphTargets":0,
        "vertices":58,
        "type":"Geometry",
        "faces":71
    },
    "materials":[{
        "blending":"NormalBlending",
        "DbgName":"chu",
        "transparent":false,
        "DbgColor":15658734,
        "mapDiffuseRepeat":[1,1],
        "mapDiffuseWrap":["repeat","repeat"],
        "colorDiffuse":[1,1,1],
        "wireframe":false,
        "depthWrite":true,
        "colorEmissive":[0,0,0],
        "mapDiffuse":"chu.jpg",
        "opacity":1,
        "DbgIndex":0,
        "visible":true,
        "depthTest":true,
        "doubleSided":false,
        "shading":"basic",
        "mapDiffuseAnisotropy":1
    }],
    "faces":[42,13,17,14,0,0,1,2,0,0,0,42,10,17,13,0,3,1,0,1,1,1,42,9,17,10,0,4,1,3,2,2,2,42,9,18,17,0,4,5,1,3,3,3,42,6,18,9,0,6,5,4,4,4,4,42,6,19,18,0,6,7,5,5,5,5,42,6,20,19,0,6,8,7,6,6,6,42,6,5,20,0,6,9,8,7,7,7,42,5,21,20,0,9,10,8,8,8,8,42,22,26,23,0,11,12,13,9,9,9,42,4,26,22,0,14,12,11,10,10,10,42,3,26,4,0,15,12,14,11,11,11,42,0,26,3,0,16,12,15,12,12,12,42,0,27,26,0,16,17,12,13,13,13,42,0,28,27,0,16,18,17,14,14,14,43,11,10,13,12,0,19,3,0,20,15,15,15,15,43,15,14,17,16,0,21,2,1,22,16,16,16,16,43,7,6,9,8,0,23,6,4,24,17,17,17,17,43,5,4,22,21,0,9,14,11,10,18,18,18,18,43,24,23,26,25,0,25,13,12,26,19,19,19,19,43,1,0,3,2,0,27,16,15,28,20,20,20,20,42,39,54,34,0,29,30,31,21,21,21,42,33,39,34,0,32,29,31,22,22,22,42,35,33,34,0,33,32,31,23,23,23,42,35,34,30,0,33,31,34,24,24,24,42,29,35,30,0,35,33,34,25,25,25,42,29,30,46,0,35,34,36,26,26,26,42,29,46,49,0,35,36,37,27,27,27,42,29,49,36,0,35,37,38,28,28,28,42,36,49,57,0,38,37,39,29,29,29,42,50,51,42,0,40,41,42,30,30,30,42,32,50,42,0,43,40,42,31,31,31,42,31,32,42,0,44,43,42,32,32,32,42,44,31,42,0,45,44,42,33,33,33,42,44,42,43,0,45,42,46,34,34,34,42,44,43,45,0,45,46,47,35,35,35,43,40,41,39,33,0,48,49,29,32,36,36,36,36,43,55,56,34,54,0,50,51,31,30,37,37,37,37,43,37,38,35,29,0,52,53,33,35,38,38,38,38,43,36,57,50,32,0,38,39,40,43,39,39,39,39,43,52,53,42,51,0,54,55,42,41,40,40,40,40,43,48,47,31,44,0,56,57,44,45,41,41,41,41,43,18,30,34,17,0,58,59,60,61,42,42,42,42,43,21,57,49,20,0,62,63,64,65,43,43,43,43,43,27,43,42,26,0,66,67,68,69,44,44,44,44,43,28,45,43,27,0,70,71,72,73,45,45,45,45,43,0,44,45,28,0,74,75,71,70,46,46,46,46,43,20,49,46,19,0,65,64,76,77,47,47,47,47,43,23,51,50,22,0,78,79,80,81,48,48,48,48,43,2,47,48,1,0,82,83,84,85,49,49,49,49,43,44,0,1,48,0,88,89,86,87,50,50,50,50,43,25,53,52,24,0,90,91,92,93,51,51,51,51,43,9,35,38,8,0,94,95,96,97,52,52,52,52,43,12,41,40,11,0,98,99,100,101,53,53,53,53,43,11,40,33,10,0,102,103,104,105,54,54,54,54,43,13,39,41,12,0,106,107,108,109,55,55,55,55,43,15,55,54,14,0,110,111,112,113,56,56,56,56,43,5,36,32,4,0,114,115,116,117,57,57,57,57,43,19,46,30,18,0,118,119,59,58,58,58,58,58,43,3,31,47,2,0,120,121,122,123,59,59,59,59,43,24,52,51,23,0,124,125,126,127,60,60,60,60,43,22,50,57,21,0,128,129,130,131,61,61,61,61,43,6,29,36,5,0,132,133,134,135,62,62,62,62,43,4,32,31,3,0,136,137,138,139,63,63,63,63,43,26,42,53,25,0,69,68,140,141,64,64,64,64,43,16,56,55,15,0,142,143,144,145,65,65,65,65,43,17,34,56,16,0,61,60,146,147,66,66,66,66,43,14,54,39,13,0,148,149,150,151,67,67,67,67,43,7,37,29,6,0,152,153,154,155,68,68,68,68,43,8,38,37,7,0,156,157,158,159,69,69,69,69,43,10,33,35,9,0,160,161,162,163,70,70,70,70],