{
    "morphTargets":[],
    "normals":[0.412154,-1.42347e-06,0.911114,0.412153,-1.09099e-06,0.911114,0.412154,-1.54761e-06,0.911114,0.412152,7.50993e-06,0.911115,0.412154,-1.73593e-06,0.911114,0.412154,-5.32577e-05,0.911114,0.412154,7.20421e-07,0.911114,0.412153,1.73436e-07,0.911115,0.412153,-6.0256e-07,0.911115,0.412156,2.4442e-06,0.911113,0.412154,-9.65964e-07,0.911114,0.412154,-1.64245e-06,0.911114,0.412154,8.89758e-07,0.911114,0.412154,6.57497e-06,0.911114,0.412154,-1.68314e-06,0.911114,0.412154,4.67594e-06,0.911114,0.412154,3.67872e-08,0.911114,0.412154,-2.4777e-07,0.911114,0.412154,4.32026e-07,0.911114,-0.412154,-8.63502e-07,-0.911114,-0.412156,5.69739e-06,-0.911113,-0.412153,-1.48514e-06,-0.911115,-0.412154,-7.50992e-07,-0.911114,-0.412154,2.10293e-06,-0.911114,-0.412149,-0.000612462,-0.911116,-0.412153,1.92112e-07,-0.911115,-0.412154,-3.09708e-07,-0.911114,-0.412153,-2.27634e-07,-0.911115,-0.412152,1.24317e-06,-0.911115,-0.412154,-2.5759e-06,-0.911114,-0.412154,-8.58552e-07,-0.911114,-0.412154,5.55937e-07,-0.911114,-0.412156,-1.77524e-05,-0.911113,-0.412154,2.27925e-06,-0.911114,-0.412154,-1.63658e-06,-0.911114,-0.412154,-9.02958e-08,-0.911114,-0.412154,4.12951e-07,-0.911114,-0.412154,-3.9275e-07,-0.911114,0.911082,-0.00847404,-0.412138,0.911115,0,-0.412153,0.910083,-0.0475679,-0.411687,-0.911093,0.00689654,0.412144,0.910337,-0.0412873,-0.411803,-0.0292413,0.999485,0.0132277,0.00778437,-0.999964,-0.00352158,0.847021,-0.368435,-0.38316,-0.837923,-0.392695,0.379046,-0.910878,0.0227537,0.412047,-0.0154407,0.999856,0.00698476,0.888555,0.221151,-0.401949,-0.874306,0.281365,0.395503,-0.303555,-0.942867,0.137317,-0.0391722,-0.999075,0.0177198,0.00733603,0.999968,-0.00331832,0.00182639,0.999998,-0.000826187,-0.0694383,0.997092,0.0314115,-0.0181209,-0.999802,0.00819729,0.00840865,-0.999958,-0.00380397,-0.908918,-0.0693987,0.41116,-0.00219731,-0.999997,0.000993975,-0.907656,-0.0870438,0.410589,0.910994,-0.016258,-0.4121,0.00378183,0.999991,-0.00171054,-0.908288,0.0787003,0.410875,-8.23842e-08,-1,-1.82119e-07,-8.2384e-08,-1,-1.82119e-07,-0.012151,0.999911,0.00549667,-0.833111,-0.404843,0.376868],
    "vertices":[1.0279,2.23931,-0.193001,1.02326,1.92632,-0.190904,-0.108148,1.97976,0.320905,-0.129013,2.24186,0.330343,-0.377089,1.81944,0.442564,-0.435051,0.279929,0.468783,1.20642,0.310466,-0.273758,1.2041,0.010197,-0.272709,-0.534363,0.0147987,0.513708,-0.707803,0.082064,0.592166,-0.787757,0.287579,0.628334,-0.761955,1.5319,0.616662,-0.956706,1.5319,0.70476,-0.93584,1.82199,0.695321,-0.193931,0.529306,0.359709,0.0263234,1.35377,0.260075,-0.244937,1.35123,0.382782,-0.263485,1.64386,0.391173,1.17628,1.63114,-0.260124,1.16469,1.36395,-0.25488,0.411189,1.35632,0.0859757,0.211801,0.804128,0.176172,0.717226,0.82194,-0.0524634,0.582755,1.15529,0.00836571,0.946755,1.18583,-0.156294,1.08818,0.501314,-0.22027,-0.370134,2.36145,0.439417,-0.370134,1.98739,0.439417,-0.720223,1.98739,0.597784,-0.717905,2.35636,0.596735,-0.622892,1.81944,-0.100811,-1.18164,1.82199,0.151946,-0.615936,1.98739,-0.103958,-0.966025,1.98739,0.0544091,-0.963707,2.35636,0.05336,0.471424,0.82194,-0.595839,0.336953,1.15529,-0.535009,-0.0340018,0.804128,-0.367203,0.918888,1.36395,-0.798255,0.165387,1.35632,-0.457399,0.842379,0.501314,-0.763645,0.700953,1.18583,-0.699669,-0.615936,2.36145,-0.103958,0.777461,1.92632,-0.734279,-0.35395,1.97976,-0.222471,0.782098,2.23931,-0.736376,-0.374815,2.24186,-0.213032,-0.953606,0.082064,0.0487911,-1.03356,0.287579,0.0849596,-0.780166,0.0147987,-0.0296668,-0.680854,0.279929,-0.074592,0.96062,0.310466,-0.817133,0.958302,0.010197,-0.816084,-0.439733,0.529306,-0.183665,-1.00776,1.5319,0.0732866,-1.20251,1.5319,0.161385,-0.490739,1.35123,-0.160592,0.930481,1.63114,-0.803499,-0.219479,1.35377,-0.2833,-0.509287,1.64386,-0.152203],
    "metadata":{
        "normals":68,
        "version":3,
        "generator":"io_three",
        "materials":1,
        "uvs":1,
        "morphTargets":0,
        "vertices":60,
        "type":"Geometry",
        "faces":68
    },
    "materials":[{
        "blending":"NormalBlending",
        "DbgName":"yun",
        "transparent":false,
        "DbgColor":15658734,
        "mapDiffuseRepeat":[1,1],
        "mapDiffuseWrap":["repeat","repeat"],
        "colorDiffuse":[1,1,1],
        "wireframe":false,
        "depthWrite":true,
        "colorEmissive":[0,0,0],
        "mapDiffuse":"yun.jpg",
        "opacity":1,
        "DbgIndex":0,
        "visible":true,
        "depthTest":true,
        "doubleSided":false,
        "shading":"basic",
        "mapDiffuseAnisotropy":1
    }],
    "faces":[42,12,4,13,0,0,1,2,0,0,0,42,12,11,4,0,0,3,1,1,1,1,42,16,18,17,0,4,5,6,2,2,2,42,16,15,18,0,4,7,5,3,3,3,42,15,19,18,0,7,8,5,4,4,4,42,15,20,19,0,7,9,8,5,5,5,42,15,21,20,0,7,10,9,6,6,6,42,14,21,15,0,11,10,7,7,7,7,42,23,25,24,0,12,13,14,8,8,8,42,22,25,23,0,15,13,12,9,9,9,42,21,25,22,0,10,13,15,10,10,10,42,14,25,21,0,11,13,10,11,11,11,42,5,7,6,0,16,17,18,12,12,12,42,10,7,5,0,19,17,16,13,13,13,42,9,7,10,0,20,17,19,14,14,14,42,8,7,9,0,21,17,20,15,15,15,43,11,10,5,4,0,3,19,16,1,16,16,16,16,43,0,3,2,1,0,22,23,24,25,17,17,17,17,43,29,28,27,26,0,26,27,28,29,18,18,18,18,42,55,31,30,0,30,31,32,19,19,19,42,55,30,54,0,30,32,33,20,20,20,42,56,59,57,0,34,35,36,21,21,21,42,56,57,58,0,34,36,37,22,22,22,42,58,57,38,0,37,36,38,23,23,23,42,58,38,39,0,37,38,39,24,24,24,42,58,39,37,0,37,39,40,25,25,25,42,53,58,37,0,41,37,40,26,26,26,42,36,41,40,0,42,43,44,27,27,27,42,35,36,40,0,45,42,44,28,28,28,42,37,35,40,0,40,45,44,29,29,29,42,53,37,40,0,41,40,44,30,30,30,42,50,51,52,0,46,47,48,31,31,31,42,48,50,52,0,49,46,48,32,32,32,42,47,48,52,0,50,49,48,33,33,33,42,49,47,52,0,51,50,48,34,34,34,43,54,30,50,48,0,33,32,46,49,35,35,35,35,43,45,43,44,46,0,52,53,54,55,36,36,36,36,43,34,42,32,33,0,56,57,58,59,37,37,37,37,43,7,52,51,6,0,60,61,62,63,38,38,38,38,43,27,32,42,26,0,64,65,66,67,39,39,39,39,43,19,38,57,18,0,68,69,70,71,40,40,40,40,43,29,34,33,28,0,72,73,74,75,41,41,41,41,43,5,50,30,4,0,76,77,78,79,42,42,42,42,43,22,35,37,21,0,80,81,82,83,43,43,43,43,43,16,56,58,15,0,84,85,86,87,44,44,44,44,43,21,37,39,20,0,88,89,90,91,45,45,45,45,43,10,48,47,9,0,92,93,94,95,46,46,46,46,43,11,54,48,10,0,96,97,93,92,47,47,47,47,43,6,51,50,5,0,98,99,100,101,48,48,48,48,43,25,40,41,24,0,102,103,104,105,49,49,49,49,43,15,58,53,14,0,106,107,108,109,50,50,50,50,43,9,47,49,8,0,110,111,112,113,51,51,51,51,43,2,44,43,1,0,114,115,116,117,52,52,52,52,43,18,57,59,17,0,118,119,120,121,53,53,53,53,43,0,45,46,3,0,122,123,124,125,54,54,54,54,43,24,41,36,23,0,126,127,128,129,55,55,55,55,43,14,53,40,25,0,130,131,132,133,56,56,56,56,43,20,39,38,19,0,134,135,136,137,57,57,57,57,43,17,59,56,16,0,138,139,140,141,58,58,58,58,43,8,49,52,7,0,113,112,142,143,59,59,59,59,43,3,46,44,2,0,144,145,146,147,60,60,60,60,43,45,0,1,43,0,150,151,148,149,61,61,61,61,43,4,30,31,13,0,152,153,154,155,62,62,62,62,43,13,31,55,12,0,156,157,158,159,63,63,63,63,43,12,55,54,11,0,160,161,162,163,64,64,64,64,43,28,33,32,27,0,164,165,166,167,65,65,65,65,43,26,42,34,29,0,168,169,170,171,66,66,66,66,43,23,36,35,22,0,172,173,174,175,67,67,67,67],