{
    "morphTargets":[],
    "normals":[0.492309,1.26113e-07,0.87042,0.492309,-1.8167e-08,0.87042,0.49231,9.18458e-07,0.87042,0.49231,2.46203e-07,0.87042,0.49231,4.53654e-07,0.87042,0.492309,-4.66268e-07,0.870421,0.49231,7.65572e-07,0.87042,0.49231,-4.35309e-07,0.87042,0.49231,-4.01254e-06,0.87042,0.49231,-1.39854e-06,0.87042,0.49231,3.28922e-06,0.87042,0.49231,3.64443e-07,0.87042,0.49231,-1.78941e-07,0.87042,0.49231,5.86061e-07,0.87042,0.49231,1.04064e-07,0.87042,0.49231,7.45793e-07,0.87042,-0.49231,6.30566e-07,-0.87042,-0.492309,3.34655e-08,-0.87042,-0.492309,7.87249e-07,-0.87042,-0.49231,-8.6171e-07,-0.87042,-0.49231,2.00246e-07,-0.87042,-0.492308,4.20996e-07,-0.870421,-0.492311,-1.23658e-06,-0.87042,-0.49231,-4.69317e-07,-0.87042,-0.492309,-1.33751e-06,-0.87042,-0.49231,2.42413e-07,-0.87042,-0.49231,1.33625e-06,-0.87042,-0.492309,4.58875e-07,-0.87042,-0.49231,1.19294e-07,-0.87042,-0.492309,-1.64097e-07,-0.870421,-0.49231,-3.1219e-07,-0.87042,-0.49231,-4.97195e-07,-0.87042,0.870234,-0.0206844,-0.492204,-0.869063,-0.0558126,0.491542,0.870342,-0.013376,-0.492265,-0.869736,-0.0396519,0.491923,-0.869014,-0.0568191,0.491514,-0,1,0,-0.870393,-0.00793544,0.492294,0.00526714,0.999982,-0.00297893,0.869831,-0.0367852,-0.491976,0.0244087,-0.999607,-0.0138055,-0.0156313,0.999839,0.00884106,0.039217,-0.998984,-0.0221812,0.0154259,-0.999843,-0.00872507,0.870271,-0.0185182,-0.492225,-0.870111,-0.0266573,0.492135,-0.870387,-0.00869464,0.492291,0.301472,-0.938105,-0.170513,0.762215,-0.482881,-0.431109,-0.00554655,0.99998,0.00313713,-0.0120874,-0.999904,0.00683663,0.00587887,-0.999977,-0.00332509,-0.0199068,0.999738,0.0112592,-0.0209671,0.99971,0.011859,-0.869676,-0.0413453,0.491889,-0.869465,-0.0468244,0.49177,-0.021553,0.999693,0.0121904],
    "vertices":[-0.734124,1.48341,0.740681,0.00122841,1.50376,0.324766,-0.0164909,2.26716,0.334788,0.353399,2.27479,0.125578,0.34454,1.51394,0.130589,1.05996,1.5343,-0.274051,1.04065,0.336881,-0.263132,0.937808,0.122611,-0.204964,0.724928,0.0323142,-0.0845584,-0.742983,0.00242165,0.745692,-0.756273,0.328136,0.753209,0.707786,0.317957,-0.0748625,0.705571,0.638584,-0.0736099,-0.636667,0.595324,0.68556,-0.652172,0.908316,0.694329,0.703355,0.943942,-0.0723571,0.701141,1.23658,-0.0711045,-0.723049,1.16278,0.734417,0.986865,2.17301,-0.23271,0.973575,1.75823,-0.225193,0.654627,1.76332,-0.0447963,0.634693,2.17301,-0.0335217,-0.306645,2.13993,0.4989,-0.31329,1.77095,0.502658,-0.641096,1.76841,0.688065,-0.654386,2.13738,0.695582,0.431322,0.0323143,-0.603664,-1.03659,0.00242175,0.226587,0.747047,0.336881,-0.782238,0.644202,0.122611,-0.724069,0.411965,0.638584,-0.592715,0.40975,0.943942,-0.591463,-0.930273,0.595324,0.166455,-0.945778,0.908316,0.175224,0.693259,2.17301,-0.751815,0.341087,2.17301,-0.552627,0.407535,1.23658,-0.59021,-1.01665,1.16278,0.215312,0.361021,1.76332,-0.563902,-0.292378,1.50376,-0.194339,-1.02773,1.48341,0.221576,0.679969,1.75823,-0.744299,0.0509339,1.51394,-0.388516,-0.934703,1.76841,0.16896,-0.947993,2.13738,0.176477,0.766351,1.5343,-0.793156,-0.600252,2.13993,-0.0202057,-0.606896,1.77095,-0.0164476,0.414179,0.317957,-0.593968,-0.310097,2.26716,-0.184317,-1.04988,0.328136,0.234103,0.0597931,2.27479,-0.393527],
    "metadata":{
        "normals":58,
        "version":3,
        "generator":"io_three",
        "materials":1,
        "uvs":1,
        "morphTargets":0,
        "vertices":52,
        "type":"Geometry",
        "faces":58
    },
    "materials":[{
        "blending":"NormalBlending",
        "DbgName":"dang",
        "transparent":false,
        "DbgColor":15658734,
        "mapDiffuseRepeat":[1,1],
        "mapDiffuseWrap":["repeat","repeat"],
        "colorDiffuse":[1,1,1],
        "wireframe":false,
        "depthWrite":true,
        "colorEmissive":[0,0,0],
        "mapDiffuse":"dang.jpg",
        "opacity":1,
        "DbgIndex":0,
        "visible":true,
        "depthTest":true,
        "doubleSided":false,
        "shading":"basic",
        "mapDiffuseAnisotropy":1
    }],
    "faces":[42,4,16,5,0,0,1,2,0,0,0,42,16,6,5,0,1,3,2,1,1,1,42,1,16,4,0,4,1,0,2,2,2,42,0,16,1,0,5,1,4,3,3,3,42,17,16,0,0,6,1,5,4,4,4,42,15,6,16,0,7,3,1,5,5,5,42,12,6,15,0,8,3,7,6,6,6,42,9,11,10,0,9,10,11,7,7,7,42,9,6,11,0,9,3,10,8,8,8,42,9,7,6,0,9,12,3,9,9,9,42,9,8,7,0,9,13,12,10,10,10,42,11,6,12,0,10,3,8,11,11,11,43,2,1,4,3,0,14,4,0,15,12,12,12,12,43,18,21,20,19,0,16,17,18,19,13,13,13,13,43,22,25,24,23,0,20,21,22,23,14,14,14,14,43,15,14,13,12,0,7,24,25,8,15,15,15,15,42,42,45,36,0,26,27,28,16,16,16,42,36,45,28,0,28,27,29,17,17,17,42,39,42,36,0,30,26,28,18,18,18,42,40,39,36,0,31,30,28,19,19,19,42,37,40,36,0,32,31,28,20,20,20,42,31,36,28,0,33,28,29,21,21,21,42,30,31,28,0,34,33,29,22,22,22,42,27,50,48,0,35,36,37,23,23,23,42,27,48,28,0,35,37,29,24,24,24,42,27,28,29,0,35,29,38,25,25,25,42,27,29,26,0,35,38,39,26,26,26,42,48,30,28,0,37,34,29,27,27,27,43,49,51,42,39,0,40,41,26,30,28,28,28,28,43,34,41,38,35,0,42,43,44,45,29,29,29,29,43,46,47,43,44,0,46,47,48,49,30,30,30,30,43,31,30,32,33,0,33,34,50,51,31,31,31,31,43,23,47,46,22,0,52,53,54,55,32,32,32,32,43,21,35,38,20,0,56,57,58,59,33,33,33,33,43,4,42,51,3,0,60,61,62,63,34,34,34,34,43,0,40,37,17,0,64,65,66,67,35,35,35,35,43,14,33,32,13,0,68,69,70,71,36,36,36,36,43,18,34,35,21,0,72,73,74,75,37,37,37,37,43,12,30,48,11,0,76,77,78,79,38,38,38,38,43,11,48,50,10,0,80,81,82,83,39,39,39,39,43,19,41,34,18,0,84,85,86,87,40,40,40,40,43,13,32,30,12,0,88,89,90,91,41,41,41,41,43,3,51,49,2,0,92,93,94,95,42,42,42,42,43,17,37,36,16,0,96,97,98,99,43,43,43,43,43,9,27,26,8,0,100,101,102,103,44,44,44,44,43,6,28,45,5,0,104,105,106,107,45,45,45,45,43,2,49,39,1,0,108,109,110,111,46,46,46,46,43,16,36,31,15,0,112,113,114,115,47,47,47,47,43,8,26,29,7,0,103,102,116,117,48,48,48,48,43,7,29,28,6,0,118,119,105,104,49,49,49,49,43,22,46,44,25,0,120,121,122,123,50,50,50,50,43,20,38,41,19,0,124,125,126,127,51,51,51,51,43,24,43,47,23,0,128,129,130,131,52,52,52,52,43,15,31,33,14,0,132,133,134,135,53,53,53,53,43,40,0,1,39,0,138,139,136,137,54,54,54,54,43,25,44,43,24,0,140,141,142,143,55,55,55,55,43,10,50,27,9,0,144,145,146,147,56,56,56,56,43,5,45,42,4,0,148,149,150,151,57,57,57,57],