{
    "morphTargets":[],
    "normals":[0.26683,4.90497e-07,0.963744,0.266829,-2.38954e-06,0.963744,0.26683,5.46993e-07,0.963744,0.26683,-1.93743e-07,0.963744,0.266829,-4.74832e-05,0.963744,0.26683,1.0578e-07,0.963744,0.266829,-0.000101438,0.963744,0.266822,1.75705e-05,0.963746,0.26683,-1.35181e-06,0.963744,0.26683,-7.07041e-07,0.963744,0.266829,-1.57016e-07,0.963744,0.26683,-9.67904e-07,0.963744,0.26683,5.79946e-07,0.963744,0.266829,2.37832e-06,0.963744,0.26683,4.32577e-07,0.963744,0.26683,-2.69052e-06,0.963744,0.26683,7.6845e-06,0.963744,0.266829,-8.22345e-08,0.963744,0.26683,3.13333e-07,0.963744,0.26683,-1.32334e-07,0.963744,0.266829,-4.24345e-07,0.963744,-0.26683,-4.49348e-07,-0.963744,-0.266829,2.44384e-06,-0.963744,-0.26683,-7.29325e-07,-0.963744,-0.26683,7.18967e-08,-0.963744,-0.266831,-0.000284896,-0.963743,-0.26683,8.46242e-07,-0.963744,-0.266829,0.000162301,-0.963744,-0.266819,-2.56792e-05,-0.963747,-0.26683,1.0042e-06,-0.963744,-0.266831,7.53274e-07,-0.963743,-0.266829,1.98794e-07,-0.963744,-0.26683,-1.00823e-07,-0.963744,-0.26683,-5.21952e-07,-0.963744,-0.266829,-2.37832e-06,-0.963744,-0.26683,2.16288e-07,-0.963744,-0.26683,2.60373e-06,-0.963744,-0.26683,0,-0.963744,-0.266829,-1.4391e-07,-0.963744,-0.26683,-2.86086e-07,-0.963744,-0.266829,1.00196e-06,-0.963744,-0.26683,5.65794e-08,-0.963744,-0.962731,-0.0458249,0.266549,-0.963543,0.0204075,0.266774,-0.00621726,-0.999979,0.00172136,0.961477,-0.0685416,-0.266202,0.00633788,-0.999978,-0.00175475,0.825405,0.516219,-0.228528,0.963712,0.00812978,-0.266821,-0.963733,-0.00473884,0.266827,-0.0481287,0.998752,0.0133252,-0.00930678,-0.999953,0.0025768,-0.00366576,-0.999993,0.00101493,-0.0173398,0.999838,0.00480083,0.963733,-0.00469435,-0.266827,-0.819581,-0.526114,0.226916,-0.959283,0.0961039,0.265594,0.962989,-0.0395725,-0.26662,0.745259,-0.634046,-0.206338,-0.020194,0.99978,0.00559106,0.657191,-0.731431,-0.181955,-0.040362,0.999123,0.011175,-0.177954,-0.982805,0.0492698,-0.0250232,0.999663,0.00692812,-0.963712,-0.00819495,0.26682,0.963628,0.015502,-0.266797,-0.723429,0.660706,0.200295,0.45653,-0.880684,-0.126398,0.00580339,-0.999982,-0.00160677,0.16228,-0.985721,-0.0449301,0.158443,0.986393,-0.043868,-0.01161,0.999928,0.00321443],
    "vertices":[-0.0774991,1.23518,0.300968,-0.0824029,2.30902,0.302326,0.327146,2.32683,0.188935,0.322241,1.24281,0.190293,1.14134,1.26062,-0.036489,1.11927,0.927272,-0.0303778,0.474289,0.929818,0.148196,0.798004,0.372539,0.0585695,1.04324,0.385263,-0.00932923,1.04815,0.0570032,-0.0106872,0.515883,0.0623369,0.13668,0.104358,0.752552,0.250618,-0.167946,0.407951,0.32601,-0.429522,0.154908,0.398432,-0.629761,0.0431511,0.453872,-0.788077,0.0150895,0.497705,-0.982333,0.0529591,0.551488,-0.948097,0.420888,0.542009,-0.727381,0.382717,0.4809,-0.258975,0.934907,0.351213,-1.01922,0.939996,0.561699,-1.03148,1.21736,0.565095,-0.749453,1.74665,0.487011,-0.342356,1.75174,0.374299,-0.339904,1.43875,0.37362,-0.747001,1.4362,0.486332,-0.737191,2.20214,0.483616,-0.359523,2.21232,0.379052,-0.369333,1.95531,0.381768,-0.742097,1.95277,0.484974,-0.236632,1.23518,-0.273794,-1.19061,1.21736,-0.00966782,0.356749,0.0623369,-0.438082,-0.0547749,0.752552,-0.324144,-0.327079,0.407951,-0.248753,-0.886515,0.382717,-0.0938624,0.889015,0.0570032,-0.58545,0.960135,0.927272,-0.60514,0.315156,0.929818,-0.426567,0.638871,0.372539,-0.516193,0.884111,0.385263,-0.584092,-1.17835,0.939996,-0.0130629,-0.418109,0.934907,-0.223549,-1.10723,0.420888,-0.0327534,-1.14147,0.052959,-0.0232748,-0.947211,0.0150895,-0.0770577,-0.788894,0.0431511,-0.120891,-0.588655,0.154908,-0.17633,-0.908586,1.74665,-0.0877514,-0.50149,1.75174,-0.200463,-0.499037,1.43875,-0.201142,-0.906134,1.4362,-0.0884304,-0.528466,1.95531,-0.192995,-0.90123,1.95277,-0.0897884,0.163108,1.24281,-0.384469,-0.896324,2.20214,-0.0911465,-0.518656,2.21232,-0.19571,-0.241537,2.30902,-0.272436,0.982207,1.26062,-0.611251,0.168012,2.32683,-0.385827],
    "metadata":{
        "normals":72,
        "version":3,
        "generator":"io_three",
        "materials":1,
        "uvs":1,
        "morphTargets":0,
        "vertices":60,
        "type":"Geometry",
        "faces":72
    },
    "materials":[{
        "blending":"NormalBlending",
        "DbgName":"tou",
        "transparent":false,
        "DbgColor":15658734,
        "mapDiffuseRepeat":[1,1],
        "mapDiffuseWrap":["repeat","repeat"],
        "colorDiffuse":[1,1,1],
        "wireframe":false,
        "depthWrite":true,
        "colorEmissive":[0,0,0],
        "mapDiffuse":"tou.jpg",
        "opacity":1,
        "DbgIndex":0,
        "visible":true,
        "depthTest":true,
        "doubleSided":false,
        "shading":"basic",
        "mapDiffuseAnisotropy":1
    }],
    "faces":[42,3,5,4,0,0,1,2,0,0,0,42,0,5,3,0,3,1,0,1,1,1,42,21,5,0,0,4,1,3,2,2,2,42,20,5,21,0,5,1,4,3,3,3,42,19,5,20,0,6,1,5,4,4,4,42,18,6,19,0,7,8,6,5,5,5,42,6,5,19,0,8,1,6,6,6,6,42,18,11,6,0,7,9,8,7,7,7,42,18,12,11,0,7,10,9,8,8,8,42,16,18,17,0,11,7,12,9,9,9,42,7,9,8,0,13,14,15,10,10,10,42,16,12,18,0,11,10,7,11,11,11,42,11,9,7,0,9,14,13,12,12,12,42,16,13,12,0,11,16,10,13,13,13,42,10,9,11,0,17,14,9,14,14,14,42,16,14,13,0,11,18,16,15,15,15,42,15,14,16,0,19,18,11,16,16,16,43,1,0,3,2,0,20,3,0,21,17,17,17,17,42,11,7,6,0,9,13,8,18,18,18,43,26,29,28,27,0,22,23,24,25,19,19,19,19,43,22,25,24,23,0,26,27,28,29,20,20,20,20,42,54,58,37,0,30,31,32,21,21,21,42,30,54,37,0,33,30,32,22,22,22,42,31,30,37,0,34,33,32,23,23,23,42,41,31,37,0,35,34,32,24,24,24,42,42,41,37,0,36,35,32,25,25,25,42,35,42,38,0,37,36,38,26,26,26,42,38,42,37,0,38,36,32,27,27,27,42,35,38,33,0,37,38,39,28,28,28,42,35,33,34,0,37,39,40,29,29,29,42,44,43,35,0,41,42,37,30,30,30,42,39,40,36,0,43,44,45,31,31,31,42,44,35,34,0,41,37,40,32,32,32,42,33,39,36,0,39,43,45,33,33,33,42,44,34,47,0,41,40,46,34,34,34,42,32,33,36,0,47,39,45,35,35,35,42,44,47,46,0,41,46,48,36,36,36,42,45,44,46,0,49,41,48,37,37,37,43,57,59,54,30,0,50,51,30,33,38,38,38,38,42,33,38,39,0,39,38,43,39,39,39,43,55,56,52,53,0,52,53,54,55,40,40,40,40,43,48,49,50,51,0,56,57,58,59,41,41,41,41,43,21,31,41,20,0,60,61,62,63,42,42,42,42,43,26,55,53,29,0,64,65,66,67,43,43,43,43,43,20,41,42,19,0,68,69,70,71,44,44,44,44,43,5,37,58,4,0,72,73,74,75,45,45,45,45,43,29,53,52,28,0,76,77,78,79,46,46,46,46,43,7,39,38,6,0,80,81,82,83,47,47,47,47,43,24,50,49,23,0,84,85,86,87,48,48,48,48,43,30,0,1,57,0,90,91,88,89,49,49,49,49,43,8,40,39,7,0,92,93,94,95,50,50,50,50,43,10,32,36,9,0,96,97,98,99,51,51,51,51,43,6,38,37,5,0,100,101,102,103,52,52,52,52,43,0,30,31,21,0,104,105,106,107,53,53,53,53,43,3,54,59,2,0,108,109,110,111,54,54,54,54,43,11,33,32,10,0,112,113,114,115,55,55,55,55,43,17,43,44,16,0,116,117,118,119,56,56,56,56,43,28,52,56,27,0,120,121,122,123,57,57,57,57,43,12,34,33,11,0,124,125,126,127,58,58,58,58,43,4,58,54,3,0,128,129,130,131,59,59,59,59,43,13,47,34,12,0,132,133,134,135,60,60,60,60,43,2,59,57,1,0,136,137,138,139,61,61,61,61,43,16,44,45,15,0,140,141,142,143,62,62,62,62,43,27,56,55,26,0,144,145,146,147,63,63,63,63,43,22,48,51,25,0,148,149,150,151,64,64,64,64,43,9,36,40,8,0,152,153,154,155,65,65,65,65,43,19,42,35,18,0,156,157,158,159,66,66,66,66,43,14,46,47,13,0,160,161,133,132,67,67,67,67,43,25,51,50,24,0,162,163,164,165,68,68,68,68,43,15,45,46,14,0,143,142,161,160,69,69,69,69,43,18,35,43,17,0,166,167,168,169,70,70,70,70,43,23,49,48,22,0,170,171,172,173,71,71,71,71],