{
    "metadata":{
        "type":"Geometry",
        "normals":3,
        "uvs":1,
        "generator":"io_three",
        "faces":3,
        "version":3,
        "materials":1,
        "morphTargets":0,
        "vertices":5
    },
    "uvs":[[0.477094,0.990872,0.644411,0.740948,0.644412,0.990872,0.644411,0.365045,0.477094,0.0153986]],
    "faces":[42,0,4,3,0,0,1,2,0,0,0,42,0,2,4,0,0,3,1,1,1,1,42,1,2,0,0,4,3,0,2,2,2],
    "normals":[5.8767e-15,1,-5.04329e-08,3.90721e-15,1,-5.04329e-08,0,1,-5.04329e-08],
    "materials":[{
        "doubleSided":false,
        "mapDiffuseAnisotropy":1,
        "depthTest":true,
        "depthWrite":true,
        "mapDiffuseRepeat":[1,1],
        "mapDiffuseWrap":["repeat","repeat"],
        "transparent":false,
        "DbgIndex":0,
        "opacity":1,
        "DbgColor":15658734,
        "colorEmissive":[0,0,0],
        "colorDiffuse":[1,1,1],
        "shading":"basic",
        "visible":true,
        "DbgName":"floor01",
        "wireframe":false,
        "mapDiffuse":"floor01.jpg",
        "blending":"NormalBlending"
    }],
    "morphTargets":[],
    "vertices":[-5.45749,-2.33213,12.5981,10.5144,-2.33213,12.5981,4.7895,-2.33213,7.87063,-5.45749,-2.33213,7.87063,-1.36535,-2.33213,7.87063]
}