{
    "metadata":{
        "vertices":28,
        "materials":1,
        "version":3,
        "type":"Geometry",
        "normals":22,
        "generator":"io_three",
        "uvs":1,
        "faces":36,
        "morphTargets":0
    },
    "normals":[0,1,0,-2.71838e-07,0,1,-2.71839e-07,0,1,-2.71838e-07,0,1,2.13835e-14,1,-5.24416e-08,-5.43677e-07,0,1,1,-9.40322e-14,-1.67814e-06,1,-0,1.67813e-06,1,0,-1.67814e-06,1,0,0,1,-0,0,1,-8.96539e-07,1.14058e-06,1,0,0,1,-0,0,-1,-1.5672e-14,-2.79689e-07,-1,-0,-1.67813e-06,-1,0,0,-1,1.14899e-05,6.88918e-06,0,0,0,-1,1.14898e-05,6.88913e-06,-1,1.14895e-05,6.88894e-06,-1,1.149e-05,6.88927e-06],
    "vertices":[-6.72175,1.03966,0.880079,-4.96763,1.03966,0.88008,-6.72175,-0.0240678,0.880079,-4.96763,-0.0240678,0.88008,-6.72175,1.03966,1.16423,-4.96763,1.03966,1.16423,-6.72175,0.869289,1.16423,-4.96763,0.869289,1.16423,-6.72175,0.869289,1.44837,-4.96763,0.869289,1.44837,-6.72175,0.698918,1.44837,-4.96763,0.698918,1.44837,-6.72175,0.698918,1.73252,-4.96763,0.698918,1.73252,-6.72175,0.528546,1.73252,-4.96763,0.528546,1.73252,-6.72175,0.528546,2.01667,-4.96763,0.528546,2.01667,-6.72175,0.358175,2.01667,-4.96763,0.358175,2.01667,-6.72175,0.358175,2.30082,-4.96763,0.358175,2.30082,-6.72175,0.187804,2.30082,-4.96763,0.187804,2.30082,-6.72175,0.187804,2.58496,-4.96763,0.187804,2.58496,-6.72175,-0.0240678,2.58496,-4.96763,-0.0240678,2.58496],
    "uvs":[[0.536433,0.994308,0.536433,0.78412,0.5757,0.78412,0.5757,0.994308,0.580749,0.99427,0.580749,0.849522,0.607895,0.849522,0.607895,0.99427,0.859212,0.808047,0.859212,0.996152,0.819945,0.996152,0.819945,0.808047,0.611641,0.99427,0.611641,0.849522,0.638787,0.849522,0.638787,0.99427,0.450929,0.994308,0.450929,0.78412,0.490196,0.78412,0.490196,0.994308,0.704317,0.99427,0.704317,0.849522,0.731463,0.849522,0.731463,0.99427,0.944411,0.499077,0.944411,0.630212,0.905144,0.630212,0.905144,0.499077,0.973815,0.996152,0.973815,0.808047,0.996859,0.808047,0.996859,0.996152,0.493376,0.994308,0.493376,0.78412,0.532643,0.78412,0.532643,0.994308,0.975366,0.496029,0.975366,0.344592,0.99841,0.344592,0.99841,0.496029,0.908955,0.135882,0.908955,0.338327,0.869688,0.338327,0.869688,0.135882,0.297675,0.996718,0.297675,0.825063,0.330291,0.825063,0.330291,0.996718,0.313069,0.614158,0.313069,0.529938,0.354584,0.529938,0.354584,0.445718,0.396098,0.445718,0.396098,0.361497,0.437613,0.361497,0.437613,0.277277,0.479127,0.277277,0.479127,0.193057,0.520642,0.193057,0.520642,0.108836,0.572269,0.108836,0.572269,0.614158,0.299495,0.0157439,0.299495,0.521066,0.351122,0.521066,0.351122,0.436846,0.392637,0.436846,0.392637,0.352625,0.434151,0.352625,0.434151,0.268405,0.475666,0.268405,0.475666,0.184185,0.51718,0.184185,0.51718,0.0999643,0.558695,0.0999643,0.558695,0.0157439]],
    "morphTargets":[],
    "faces":[43,1,0,4,5,0,0,1,2,3,0,0,0,0,43,5,4,6,7,0,4,5,6,7,1,1,1,1,43,7,6,8,9,0,8,9,10,11,0,0,0,0,43,9,8,10,11,0,12,13,14,15,2,2,2,2,43,11,10,12,13,0,16,17,18,19,0,0,0,0,43,13,12,14,15,0,20,21,22,23,2,2,2,2,43,15,14,16,17,0,24,25,26,27,0,0,0,0,43,17,16,18,19,0,28,29,30,31,3,3,3,3,43,19,18,20,21,0,32,33,34,35,0,0,0,0,43,21,20,22,23,0,36,37,38,39,3,3,3,3,43,23,22,24,25,0,40,41,42,43,4,4,4,4,43,25,24,26,27,0,44,45,46,47,5,5,5,5,42,3,1,5,0,61,48,49,6,6,6,42,7,9,11,0,50,51,52,7,7,7,42,3,5,7,0,61,49,50,8,8,8,42,25,27,3,0,59,60,61,9,9,9,42,19,21,23,0,56,57,58,10,10,10,42,23,25,3,0,58,59,61,10,10,10,42,3,7,11,0,61,50,52,11,11,11,42,11,13,15,0,52,53,54,10,10,10,42,15,17,19,0,54,55,56,10,10,10,42,19,23,3,0,56,58,61,10,10,10,42,3,11,15,0,61,52,54,12,12,12,42,15,19,3,0,54,56,61,13,13,13,42,0,2,26,0,75,62,63,14,14,14,42,26,24,22,0,63,64,65,15,15,15,42,22,20,18,0,65,66,67,16,16,16,42,18,16,14,0,67,68,69,16,16,16,42,14,12,10,0,69,70,71,16,16,16,42,10,8,6,0,71,72,73,16,16,16,42,6,4,0,0,73,74,75,16,16,16,42,26,22,18,0,63,65,67,17,17,17,42,14,10,6,0,69,71,73,18,18,18,42,26,18,14,0,63,67,69,19,19,19,42,6,0,26,0,73,75,63,20,20,20,42,26,14,6,0,63,69,73,21,21,21],
    "materials":[{
        "blending":"NormalBlending",
        "doubleSided":false,
        "visible":true,
        "opacity":1,
        "transparent":false,
        "colorEmissive":[0,0,0],
        "colorDiffuse":[1,1,1],
        "wireframe":false,
        "mapDiffuseRepeat":[1,1],
        "DbgColor":15658734,
        "mapDiffuseAnisotropy":1,
        "mapDiffuseWrap":["repeat","repeat"],
        "depthWrite":true,
        "shading":"basic",
        "mapDiffuse":"stair.jpg",
        "DbgIndex":0,
        "depthTest":true,
        "DbgName":"stair"
    }]
}