{
    "metadata":{
        "vertices":54,
        "materials":1,
        "version":3,
        "type":"Geometry",
        "normals":18,
        "generator":"io_three",
        "uvs":1,
        "faces":51,
        "morphTargets":0
    },
    "normals":[0,1,-4.93389e-08,1,-0,0,0,1,-4.93389e-08,0.999998,0.00213825,9.85158e-08,0,1,-9.86777e-08,0.999999,-0.00110058,9.87832e-08,0,-0,1,-0,0,1,0,0,1,-0,-0,1,1,0,1.97355e-07,1,0,1.97355e-07,0,1,-3.70041e-08,1,0,0,-1,0,-1.97355e-07,0,0,0,0,0,1,1.69757e-07,-1,9.86778e-08],
    "vertices":[-5.15223,-1.22805,10.4116,-5.15223,-1.22805,7.99543,-5.15223,-2.37293,10.4116,-5.15223,-2.37293,7.99543,-4.87105,-1.22805,10.4116,-4.87105,-1.22805,7.99543,-4.87105,-1.39679,10.4116,-4.87105,-1.39679,7.99543,-4.58987,-1.39679,10.4116,-4.58987,-1.39679,7.99543,-4.58987,-1.56554,10.4116,-4.58987,-1.56554,7.99543,-4.30869,-1.56554,10.4116,-4.30869,-1.56554,7.99543,-4.30869,-1.73429,10.4116,-4.30869,-1.73429,7.99543,-4.02751,-1.73429,10.4116,-4.02751,-1.73429,7.99543,-4.02751,-1.90304,10.4116,-4.02751,-1.90304,7.99543,-3.74633,-1.90304,10.4116,-3.74633,-1.90304,7.99543,-3.74599,-2.06271,10.4116,-3.74599,-2.06271,7.99543,-3.46481,-2.06271,10.4116,-3.46481,-2.06271,7.99543,-3.46515,-2.37293,10.4116,-3.46515,-2.37293,7.99543,-5.15223,-1.06246,10.4116,-5.15223,-1.06246,7.99543,-5.4356,-1.06246,10.4116,-5.4356,-1.06246,7.99543,-5.4356,-0.896867,10.4116,-5.4356,-0.896867,7.99543,-5.71896,-0.896867,10.4116,-5.71896,-0.896867,7.99543,-5.71896,-0.731278,10.4116,-5.71896,-0.731279,7.99543,-6.00233,-0.731278,10.4116,-6.00233,-0.731279,7.99543,-6.00233,-0.565689,10.4116,-6.00233,-0.56569,7.99543,-6.28569,-0.565689,10.4116,-6.28569,-0.56569,7.99543,-6.28569,-0.4001,10.4116,-6.28569,-0.400101,7.99543,-6.56906,-0.4001,10.4116,-6.56906,-0.400101,7.99543,-6.56906,-0.234512,10.4116,-6.56906,-0.234512,7.99543,-7.96117,-0.234512,10.4116,-7.96117,-0.234512,7.99543,-7.96117,-2.37293,10.4116,-7.96117,-2.37293,7.99543],
    "uvs":[[0.819945,0.804882,0.819945,0.653562,0.859212,0.653562,0.859212,0.804882,0.947591,0.804882,0.947591,0.653562,0.970635,0.653562,0.970635,0.804882,0.860763,0.344592,0.860763,0.495912,0.821496,0.495912,0.821496,0.344592,0.972186,0.344592,0.972186,0.495912,0.949142,0.495912,0.949142,0.344592,0.779049,0.495912,0.779049,0.344592,0.818316,0.344592,0.818316,0.495912,0.947591,0.997734,0.947591,0.808047,0.970635,0.808047,0.970635,0.997734,0.777499,0.650397,0.777498,0.499077,0.816765,0.499077,0.816765,0.650397,0.947591,0.650397,0.947591,0.499077,0.970635,0.499077,0.970635,0.650397,0.859212,0.499077,0.859212,0.650397,0.819945,0.650397,0.819945,0.499077,0.996616,0.135882,0.996616,0.339134,0.954582,0.339134,0.954582,0.135882,0.777498,0.804882,0.777498,0.653562,0.816765,0.653562,0.816765,0.804882,0.775869,0.344592,0.775869,0.495912,0.734746,0.495912,0.734746,0.344592,0.29361,0.391989,0.29361,0.626471,0.252487,0.626471,0.252487,0.58739,0.229443,0.58739,0.229443,0.54831,0.206399,0.54831,0.206399,0.50923,0.183354,0.50923,0.183354,0.470149,0.16031,0.470149,0.16031,0.431069,0.137266,0.431069,0.137266,0.391989,0.447713,0.825063,0.447713,0.997286,0.421976,0.997286,0.421976,0.825063,0.774319,0.499077,0.774319,0.650397,0.734746,0.650397,0.734746,0.499077,0.363266,0.997286,0.363265,0.825063,0.389002,0.825063,0.389002,0.997286,0.774319,0.653562,0.774319,0.804882,0.734746,0.804882,0.734746,0.653562,0.359646,0.825063,0.359646,0.997286,0.33391,0.997286,0.33391,0.825063,0.490501,0.629636,0.490501,0.780956,0.450929,0.780956,0.450929,0.629636,0.973815,0.650397,0.973815,0.499077,0.996428,0.499077,0.996428,0.650397,0.576005,0.629636,0.576005,0.780956,0.536433,0.780956,0.536433,0.629636,0.418357,0.825063,0.418357,0.997286,0.392621,0.997286,0.392621,0.825063,0.533253,0.629636,0.533253,0.780956,0.493681,0.780956,0.493681,0.629636,0.996428,0.653562,0.996428,0.804882,0.973815,0.804882,0.973815,0.653562,0.447749,0.823121,0.295706,0.823121,0.295706,0.629636,0.447749,0.629636,0.579524,0.395154,0.731566,0.395154,0.731566,0.845068,0.579524,0.845068,0.29361,0.0015824,0.114653,0.391989,0.114653,0.352605,0.0920407,0.352605,0.0920407,0.313221,0.069428,0.313221,0.069428,0.273837,0.0468154,0.273837,0.0468153,0.234452,0.0242027,0.234452,0.0242027,0.195068,0.00159001,0.195068,0.00158995,0.00158251,0.731566,0.391989,0.579524,0.391989,0.579524,0.0015824,0.731566,0.00158243]],
    "morphTargets":[],
    "faces":[43,1,0,4,5,0,0,1,2,3,0,0,0,0,43,5,4,6,7,0,4,5,6,7,1,1,1,1,43,7,6,8,9,0,8,9,10,11,2,2,2,2,43,9,8,10,11,0,12,13,14,15,1,1,1,1,43,11,10,12,13,0,16,17,18,19,2,2,2,2,43,13,12,14,15,0,20,21,22,23,1,1,1,1,43,15,14,16,17,0,24,25,26,27,2,2,2,2,43,17,16,18,19,0,28,29,30,31,1,1,1,1,43,19,18,20,21,0,32,33,34,35,2,2,2,2,43,21,20,22,23,0,36,37,38,39,3,3,3,3,43,23,22,24,25,0,40,41,42,43,4,4,4,4,43,25,24,26,27,0,44,45,46,47,5,5,5,5,42,0,2,26,0,61,48,49,6,6,6,42,26,24,22,0,49,50,51,7,7,7,42,22,20,18,0,51,52,53,7,7,7,42,18,16,14,0,53,54,55,7,7,7,42,14,12,10,0,55,56,57,7,7,7,42,10,8,6,0,57,58,59,7,7,7,42,6,4,0,0,59,60,61,7,7,7,42,26,22,18,0,49,51,53,8,8,8,42,14,10,6,0,55,57,59,8,8,8,42,26,18,14,0,49,53,55,8,8,8,42,6,0,26,0,59,61,49,9,9,9,42,26,14,6,0,49,55,59,8,8,8,43,0,1,29,28,0,62,63,64,65,10,10,10,10,43,28,29,31,30,0,66,67,68,69,2,2,2,2,43,30,31,33,32,0,70,71,72,73,11,11,11,11,43,32,33,35,34,0,74,75,76,77,2,2,2,2,43,34,35,37,36,0,78,79,80,81,11,11,11,11,43,36,37,39,38,0,82,83,84,85,2,2,2,2,43,38,39,41,40,0,86,87,88,89,10,10,10,10,43,40,41,43,42,0,90,91,92,93,2,2,2,2,43,42,43,45,44,0,94,95,96,97,11,11,11,11,43,44,45,47,46,0,98,99,100,101,12,12,12,12,43,46,47,49,48,0,102,103,104,105,13,13,13,13,43,48,49,51,50,0,106,107,108,109,0,0,0,0,43,50,51,53,52,0,110,111,112,113,14,14,14,14,42,50,52,2,0,126,114,48,6,6,6,42,0,28,30,0,61,115,116,7,7,7,42,50,2,0,0,126,48,61,8,8,8,42,46,48,50,0,124,125,126,7,7,7,42,42,44,46,0,122,123,124,7,7,7,42,38,40,42,0,120,121,122,7,7,7,42,34,36,38,0,118,119,120,7,7,7,42,30,32,34,0,116,117,118,7,7,7,42,50,0,30,0,126,61,116,8,8,8,42,42,46,50,0,122,124,126,8,8,8,42,30,34,38,0,116,118,120,15,15,15,42,38,42,50,0,120,122,126,8,8,8,42,30,38,50,0,116,120,126,16,16,16,43,3,2,52,53,0,127,128,129,130,17,17,17,17],
    "materials":[{
        "blending":"NormalBlending",
        "doubleSided":false,
        "visible":true,
        "opacity":1,
        "transparent":false,
        "colorEmissive":[0,0,0],
        "colorDiffuse":[1,1,1],
        "wireframe":false,
        "mapDiffuseRepeat":[1,1],
        "DbgColor":15658734,
        "mapDiffuseAnisotropy":1,
        "mapDiffuseWrap":["repeat","repeat"],
        "depthWrite":true,
        "shading":"basic",
        "mapDiffuse":"stair.jpg",
        "DbgIndex":0,
        "depthTest":true,
        "DbgName":"stair"
    }]
}