{
    "metadata":{
        "vertices":52,
        "materials":1,
        "version":3,
        "type":"Geometry",
        "normals":13,
        "generator":"io_three",
        "uvs":1,
        "faces":49,
        "morphTargets":0
    },
    "normals":[0,1,0,-2.4158e-07,0,1,1.02136e-13,1,-4.22784e-07,6.0395e-08,1,0,0,-0,1,1,0,0,1,-0,0,1,-0,0,0,0,1,0,1,-0,0,1,-1.04881e-07,0,1,-4.2697e-08,1,0,0],
    "vertices":[4.97574,-1.30042,3.52967,6.94956,-1.30042,3.52967,6.94956,-2.33356,3.52967,4.97574,-1.30042,3.81163,6.94956,-1.30042,3.81163,4.97574,-1.46589,3.81163,6.94956,-1.46589,3.81163,4.97574,-1.46589,4.09359,6.94956,-1.46589,4.09359,4.97574,-1.63136,4.09359,6.94956,-1.63136,4.09359,4.97574,-1.63136,4.37556,6.94956,-1.63136,4.37556,4.97574,-1.79683,4.37556,6.94956,-1.79683,4.37556,4.97574,-1.79683,4.65752,6.94956,-1.79683,4.65752,4.97574,-1.96231,4.65752,6.94956,-1.96231,4.65752,4.97574,-1.96231,4.93948,6.94956,-1.96231,4.93948,4.97574,-2.12778,4.93948,6.94956,-2.12778,4.93948,4.97574,-2.12778,5.22144,6.94956,-2.12778,5.22144,4.97574,-2.33356,5.22144,6.94956,-2.33356,5.22144,4.97574,-1.13804,3.52967,6.94956,-1.13804,3.52967,4.97574,-1.13804,3.24551,6.94956,-1.13804,3.24551,4.97574,-0.975669,3.24551,6.94956,-0.975669,3.24551,4.97574,-0.975669,2.96136,6.94956,-0.975669,2.96136,4.97574,-0.813295,2.96136,6.94956,-0.813295,2.96136,4.97574,-0.813295,2.67721,6.94956,-0.813295,2.67721,4.97574,-0.650921,2.67721,6.94956,-0.650921,2.67721,4.97574,-0.650921,2.39305,6.94956,-0.650921,2.39305,4.97574,-0.488547,2.39305,6.94956,-0.488547,2.39305,4.97574,-0.488547,2.1089,6.94956,-0.488547,2.1089,4.97574,-0.252035,2.1089,6.94956,-0.252035,2.1089,4.97574,-0.252035,0.712905,6.94956,-0.252035,0.712905,6.94956,-2.33356,0.712906],
    "uvs":[[0.905144,0.998025,0.905144,0.767677,0.944411,0.767677,0.944411,0.998025,0.00459722,0.998417,0.00459716,0.867282,0.0414173,0.867282,0.0414173,0.998417,0.905144,0.764512,0.905144,0.633377,0.944411,0.633377,0.944411,0.764512,0.944277,0.132718,0.944277,0.0015824,0.967322,0.0015824,0.967322,0.132718,0.912135,0.338327,0.912135,0.135882,0.951402,0.135882,0.951402,0.338327,0.673425,0.99427,0.673425,0.849522,0.700571,0.849522,0.700571,0.99427,0.777498,0.996152,0.777499,0.808047,0.816765,0.808047,0.816765,0.996152,0.970502,0.132718,0.970502,0.0015824,0.993546,0.0015824,0.993546,0.132718,0.906695,0.496029,0.906695,0.344592,0.945962,0.344592,0.945962,0.496029,0.642533,0.99427,0.642533,0.849522,0.669679,0.849522,0.669679,0.99427,0.734746,0.996152,0.734746,0.808047,0.774013,0.808047,0.774013,0.996152,0.91244,0.132718,0.91244,0.0015824,0.941097,0.0015824,0.941098,0.132718,0.15292,0.472396,0.15292,0.433316,0.128959,0.433316,0.128959,0.394236,0.104998,0.394236,0.104998,0.355155,0.0810366,0.355155,0.0810367,0.316075,0.0570757,0.316075,0.0570757,0.276995,0.0331147,0.276995,0.0331147,0.237914,0.0033171,0.237914,0.00331701,0.472396,0.082629,0.867282,0.082629,0.998417,0.0464983,0.998417,0.0464982,0.867282,0.903515,0.344592,0.903515,0.496029,0.863943,0.496029,0.863943,0.344592,0.288687,0.867282,0.288687,0.998417,0.252557,0.998417,0.252556,0.867282,0.901964,0.767677,0.901964,0.998025,0.862392,0.998025,0.862392,0.767677,0.123841,0.867282,0.123841,0.998417,0.08771,0.998417,0.0877099,0.867282,0.90926,0.0015824,0.90926,0.132718,0.869688,0.132718,0.869688,0.0015824,0.165052,0.867282,0.165052,0.998417,0.128922,0.998417,0.128922,0.867282,0.901964,0.633377,0.901964,0.764512,0.862392,0.764512,0.862392,0.633377,0.247476,0.867282,0.247476,0.998417,0.211345,0.998417,0.211345,0.867282,0.901964,0.499077,0.901964,0.630212,0.862392,0.630212,0.862392,0.499077,0.206264,0.867282,0.206264,0.998417,0.170133,0.998418,0.170133,0.867282,0.866508,0.339639,0.734747,0.339639,0.734746,0.0015824,0.866508,0.0015824,0.176432,0.472396,0.00331698,0.862803,0.293993,0.862803,0.293993,0.669317,0.270481,0.669317,0.270481,0.629933,0.246969,0.629933,0.246969,0.590549,0.223456,0.590549,0.223456,0.551165,0.199944,0.551165,0.199944,0.511781,0.176432,0.511781]],
    "morphTargets":[],
    "faces":[43,1,0,3,4,0,0,1,2,3,0,0,0,0,43,4,3,5,6,0,4,5,6,7,1,1,1,1,43,6,5,7,8,0,8,9,10,11,2,2,2,2,43,8,7,9,10,0,12,13,14,15,1,1,1,1,43,10,9,11,12,0,16,17,18,19,3,3,3,3,43,12,11,13,14,0,20,21,22,23,4,4,4,4,43,14,13,15,16,0,24,25,26,27,3,3,3,3,43,16,15,17,18,0,28,29,30,31,1,1,1,1,43,18,17,19,20,0,32,33,34,35,3,3,3,3,43,20,19,21,22,0,36,37,38,39,4,4,4,4,43,22,21,23,24,0,40,41,42,43,0,0,0,0,43,24,23,25,26,0,44,45,46,47,1,1,1,1,42,2,1,4,0,61,48,49,5,5,5,42,6,8,10,0,50,51,52,6,6,6,42,2,4,6,0,61,49,50,6,6,6,42,24,26,2,0,59,60,61,5,5,5,42,18,20,22,0,56,57,58,6,6,6,42,22,24,2,0,58,59,61,6,6,6,42,2,6,10,0,61,50,52,5,5,5,42,10,12,14,0,52,53,54,7,7,7,42,14,16,18,0,54,55,56,6,6,6,42,18,22,2,0,56,58,61,6,6,6,42,2,10,14,0,61,52,54,5,5,5,42,14,18,2,0,54,56,61,6,6,6,43,0,1,28,27,0,62,63,64,65,8,8,8,8,43,27,28,30,29,0,66,67,68,69,9,9,9,9,43,29,30,32,31,0,70,71,72,73,8,8,8,8,43,31,32,34,33,0,74,75,76,77,9,9,9,9,43,33,34,36,35,0,78,79,80,81,8,8,8,8,43,35,36,38,37,0,82,83,84,85,9,9,9,9,43,37,38,40,39,0,86,87,88,89,8,8,8,8,43,39,40,42,41,0,90,91,92,93,9,9,9,9,43,41,42,44,43,0,94,95,96,97,8,8,8,8,43,43,44,46,45,0,98,99,100,101,10,10,10,10,43,45,46,48,47,0,102,103,104,105,8,8,8,8,43,47,48,50,49,0,106,107,108,109,11,11,11,11,42,30,28,1,0,122,110,48,6,6,6,42,1,2,51,0,48,61,111,5,5,5,42,51,50,48,0,111,112,113,5,5,5,42,46,44,42,0,114,115,116,6,6,6,42,51,48,46,0,111,113,114,6,6,6,42,30,1,51,0,122,48,111,6,6,6,42,34,32,30,0,120,121,122,6,6,6,42,38,36,34,0,118,119,120,7,7,7,42,42,40,38,0,116,117,118,7,7,7,42,51,46,42,0,111,114,116,5,5,5,42,34,30,51,0,120,122,111,6,6,6,42,51,42,38,0,111,116,118,12,12,12,42,51,38,34,0,111,118,120,5,5,5],
    "materials":[{
        "blending":"NormalBlending",
        "doubleSided":false,
        "visible":true,
        "opacity":1,
        "transparent":false,
        "colorEmissive":[0,0,0],
        "colorDiffuse":[1,1,1],
        "wireframe":false,
        "mapDiffuseRepeat":[1,1],
        "DbgColor":15658734,
        "mapDiffuseAnisotropy":1,
        "mapDiffuseWrap":["repeat","repeat"],
        "depthWrite":true,
        "shading":"basic",
        "mapDiffuse":"stair.jpg",
        "DbgIndex":0,
        "depthTest":true,
        "DbgName":"stair"
    }]
}