{
    "morphTargets":[],
    "normals":[0.492312,0.00026563,0.870419,0.49231,0,0.87042,0.49231,-2.30096e-05,0.87042,0.492309,1.74188e-07,0.87042,0.49231,3.69816e-09,0.87042,0.49231,-2.40316e-08,0.87042,0.49231,-7.96698e-07,0.87042,0.49231,-1.08417e-06,0.87042,0.49231,-1.19774e-06,0.87042,0.492309,-2.75257e-06,0.87042,0.49231,1.35119e-06,0.87042,0.49231,3.80396e-07,0.87042,0.492309,8.81031e-09,0.87042,0.49231,3.67055e-07,0.87042,0.49231,-1.86678e-07,0.87042,-0.49231,0,-0.87042,-0.49231,1.21426e-07,-0.87042,-0.492309,4.60194e-05,-0.87042,-0.49231,5.25658e-08,-0.87042,-0.492309,-3.98475e-07,-0.870421,-0.492309,2.06755e-07,-0.87042,-0.49231,2.69241e-07,-0.87042,-0.492309,5.42083e-07,-0.87042,-0.49231,-1.6968e-06,-0.87042,-0.49231,4.58761e-07,-0.87042,-0.49231,-3.88467e-06,-0.87042,-0.49231,5.37904e-07,-0.87042,-0.49231,7.04825e-08,-0.87042,-0.49231,4.58819e-07,-0.87042,-0.49231,-3.73356e-07,-0.87042,0.870339,-0.0136346,-0.492264,0.868698,-0.0628682,-0.491336,0.870027,0.0300603,-0.492087,-0.00690786,0.999968,0.00390709,0.870327,-0.0146507,-0.492257,-0.0165764,0.999819,0.00937559,-0.870376,-0.0100246,0.492285,-0.00892668,-0.999947,0.00504893,-0.870271,-0.0185162,0.492225,0.869523,-0.0454074,-0.491802,-0.00197812,-0.999997,0.00111887,0.0049742,0.999984,-0.00281341,0.869615,-0.042998,-0.491855,-0.0142093,-0.999867,0.00803679,-0.0200043,0.999736,0.0113144,-0.0266338,0.999532,0.015064,-0.870097,-0.0272636,0.492127,-0.870402,-0.00645149,0.4923,-0.00642357,-0.999973,0.00363317,-0.0207181,0.999717,0.0117181],
    "vertices":[1.09845,2.23758,-0.317831,1.08516,1.90169,-0.310314,0.484923,1.90678,0.0291824,0.478278,1.34695,0.0329405,1.03644,1.35204,-0.282754,1.01872,1.02887,-0.272732,0.476063,1.03905,0.0341935,0.467203,0.344363,0.0392045,1.11839,0.362175,-0.329106,1.12725,0.0237368,-0.334117,-0.821876,0.0288259,0.768308,-0.828521,0.308737,0.772066,-0.61146,0.316372,0.649296,-0.620319,1.33169,0.654307,-0.232709,1.32914,0.435075,-0.270363,0.324005,0.456372,0.115032,0.334184,0.238392,0.106173,1.91187,0.243403,-0.757644,1.92204,0.731978,-0.762074,2.19687,0.734483,0.182457,1.03905,-0.484912,-0.178574,0.334184,-0.280713,0.791558,1.90169,-0.82942,-1.05125,1.92204,0.212872,0.173597,0.344363,-0.479901,0.833642,0.0237367,-0.853222,0.824783,0.362175,-0.848212,0.74283,1.35204,-0.801859,0.725111,1.02887,-0.791837,0.804848,2.23758,-0.836936,0.184672,1.34695,-0.486165,0.191317,1.90678,-0.489923,-0.187434,1.91187,-0.275702,-0.563969,0.324005,-0.0627336,-1.05568,2.19687,0.215378,-0.905066,0.316372,0.130191,-1.12213,0.308737,0.252961,-1.11548,0.0288258,0.249202,-0.913925,1.33169,0.135202,-0.526316,1.32914,-0.0840303],
    "metadata":{
        "normals":50,
        "version":3,
        "generator":"io_three",
        "materials":1,
        "uvs":1,
        "morphTargets":0,
        "vertices":40,
        "type":"Geometry",
        "faces":50
    },
    "materials":[{
        "blending":"NormalBlending",
        "DbgName":"zheng",
        "transparent":false,
        "DbgColor":15658734,
        "mapDiffuseRepeat":[1,1],
        "mapDiffuseWrap":["repeat","repeat"],
        "colorDiffuse":[1,1,1],
        "wireframe":false,
        "depthWrite":true,
        "colorEmissive":[0,0,0],
        "mapDiffuse":"zheng.jpg",
        "opacity":1,
        "DbgIndex":0,
        "visible":true,
        "depthTest":true,
        "doubleSided":false,
        "shading":"basic",
        "mapDiffuseAnisotropy":1
    }],
    "faces":[42,17,1,18,0,0,1,2,0,0,0,42,16,2,17,0,3,4,0,1,1,1,42,2,1,17,0,4,1,0,2,2,2,42,16,3,2,0,3,5,4,3,3,3,42,16,6,3,0,3,6,5,4,4,4,42,16,7,6,0,3,7,6,5,5,5,42,7,9,8,0,7,8,9,6,6,6,42,16,9,7,0,3,8,7,7,7,7,42,15,9,16,0,10,8,3,8,8,8,42,12,9,15,0,11,8,10,9,9,9,42,11,9,12,0,12,8,11,10,10,10,42,10,9,11,0,13,8,12,11,11,11,43,13,12,15,14,0,14,11,10,15,12,12,12,12,43,1,0,19,18,0,1,17,16,2,13,13,13,13,43,3,6,5,4,0,5,6,18,19,14,14,14,14,42,32,23,22,0,20,21,22,15,15,15,42,21,32,31,0,23,20,24,16,16,16,42,31,32,22,0,24,20,22,17,17,17,42,21,31,30,0,23,24,25,18,18,18,42,21,30,20,0,23,25,26,19,19,19,42,21,20,24,0,23,26,27,20,20,20,42,24,26,25,0,27,28,29,21,21,21,42,21,24,25,0,23,27,29,22,22,22,42,33,21,25,0,30,23,29,23,23,23,42,35,33,25,0,31,30,29,24,24,24,42,36,35,25,0,32,31,29,25,25,25,42,37,36,25,0,33,32,29,26,26,26,43,38,39,33,35,0,34,35,30,31,27,27,27,27,43,34,29,22,23,0,36,37,22,21,28,28,28,28,43,30,27,28,20,0,25,38,39,26,29,29,29,29,43,3,30,31,2,0,40,41,42,43,30,30,30,30,43,5,28,27,4,0,44,45,46,47,31,31,31,31,43,9,25,26,8,0,48,49,50,51,32,32,32,32,43,4,27,30,3,0,52,53,54,55,33,33,33,33,43,7,24,20,6,0,56,57,58,59,34,34,34,34,43,0,29,34,19,0,60,61,62,63,35,35,35,35,43,13,38,35,12,0,64,65,66,67,36,36,36,36,43,18,23,32,17,0,68,69,70,71,37,37,37,37,43,19,34,23,18,0,72,73,74,75,38,38,38,38,43,29,0,1,22,0,78,79,76,77,39,39,39,39,43,10,37,25,9,0,80,81,82,83,40,40,40,40,43,14,39,38,13,0,84,85,86,87,41,41,41,41,43,15,33,39,14,0,88,89,90,91,42,42,42,42,43,6,20,28,5,0,92,93,94,95,43,43,43,43,43,16,21,33,15,0,96,97,98,99,44,44,44,44,43,12,35,36,11,0,100,101,102,103,45,45,45,45,43,11,36,37,10,0,104,105,106,107,46,46,46,46,43,17,32,21,16,0,108,109,110,111,47,47,47,47,43,2,31,22,1,0,112,113,114,115,48,48,48,48,43,8,26,24,7,0,116,117,118,119,49,49,49,49],
    "uvs":[[0.82015,0.888838,0.980385,0.886692,0.678766,0.890984,0.8216,0.556234,0.882142,0.887765,0.881054,0.769744,0.880691,0.704833,0.879241,0.55838,0.987273,0.490786,0.985823,0.562135,0.758521,0.554089,0.702693,0.552479,0.667166,0.55087,0.668254,0.491859,0.701243,0.766526,0.764684,0.765989,0.678042,0.948921,0.98256,0.957505,0.969509,0.702687,0.972409,0.770817,0.482848,0.888838,0.341464,0.890984,0.643082,0.886692,0.484298,0.556234,0.544839,0.887765,0.543751,0.769744,0.543389,0.704833,0.541938,0.55838,0.64852,0.562135,0.64997,0.490786,0.421219,0.554089,0.365391,0.552479,0.329863,0.55087,0.330951,0.491859,0.363941,0.766526,0.427382,0.765989,0.340739,0.948921,0.645257,0.957505,0.635107,0.770817,0.632207,0.702687,0.995401,0.00677153,0.995401,0.228705,0.90918,0.228705,0.90918,0.00677156,0.318633,0.655938,0.0083794,0.655938,0.00837931,0.61244,0.318633,0.61244,0.318633,0.762633,0.00837931,0.762634,0.00837931,0.717186,0.318633,0.717186,0.966136,0.239206,0.966136,0.461139,0.867377,0.461139,0.867377,0.239206,0.751183,0.461139,0.751183,0.239206,0.858178,0.239206,0.858178,0.461139,0.336962,0.00677156,0.660127,0.00677153,0.660127,0.232888,0.336962,0.232889,0.160974,0.249926,0.160974,0.47186,0.00459942,0.47186,0.00459936,0.249926,0.741985,0.239206,0.741985,0.461139,0.589135,0.461139,0.589135,0.239206,0.318633,0.558742,0.00837931,0.558743,0.0083794,0.521793,0.318633,0.521793,0.0083794,0.663967,0.318633,0.663967,0.318633,0.709157,0.00837931,0.709157,0.00459936,0.00677156,0.327764,0.00677153,0.327764,0.243609,0.00459942,0.243609,0.318633,0.898075,0.0083794,0.898075,0.00837931,0.838226,0.318633,0.838226,0.325091,0.249926,0.325091,0.47186,0.170172,0.47186,0.170172,0.249926,0.318633,0.98992,0.00837931,0.98992,0.00837931,0.906104,0.318633,0.906104,0.318633,0.830197,0.0083794,0.830197,0.00837931,0.770663,0.318633,0.770663,0.00837931,0.480228,0.318633,0.480228,0.318633,0.513764,0.00837931,0.513764,0.00837931,0.566772,0.318633,0.566772,0.318633,0.604411,0.0083794,0.604411,0.579936,0.239206,0.579936,0.461139,0.336962,0.461139,0.336962,0.239206,0.899981,0.00677153,0.899981,0.228705,0.793773,0.228705,0.793773,0.00677156,0.784574,0.00677153,0.784574,0.228705,0.669325,0.228705,0.669325,0.00677156]]
}