{
    "morphTargets":[],
    "normals":[0.26683,-9.63325e-07,0.963744,0.26683,1.13185e-06,0.963744,0.266829,-1.13632e-07,0.963744,0.26683,1.58211e-07,0.963744,0.266829,-2.21076e-07,0.963744,0.26683,3.20296e-07,0.963744,0.26683,5.36739e-07,0.963744,0.26683,-1.48902e-06,0.963744,0.266829,-5.86242e-07,0.963744,0.266829,-1.02441e-07,0.963744,0.266829,9.57013e-08,0.963744,0.26683,-8.83914e-07,0.963744,0.266829,0,0.963744,0.26683,-9.07504e-07,0.963744,0.266829,2.09501e-06,0.963744,0.26683,-3.19058e-06,0.963744,0.26683,2.94491e-06,0.963744,0.26683,7.35945e-07,0.963744,0.266829,-5.94892e-06,0.963744,0.26683,-3.69114e-08,0.963744,0.26683,-1.50166e-07,0.963744,0.266829,-3.8477e-07,0.963744,-0.26683,9.07748e-07,-0.963744,-0.266829,1.55105e-06,-0.963744,-0.266829,7.38604e-07,-0.963744,-0.26683,5.35483e-07,-0.963744,-0.266829,1.68018e-06,-0.963744,-0.26683,-1.68155e-06,-0.963744,-0.26683,7.28432e-07,-0.963744,-0.266829,-2.2241e-06,-0.963744,-0.26683,-1.18973e-06,-0.963744,-0.26683,5.53367e-08,-0.963744,-0.26683,1.24412e-06,-0.963744,-0.266829,-6.18739e-07,-0.963744,-0.266829,2.29585e-07,-0.963744,-0.266829,-3.69785e-07,-0.963744,-0.26683,4.07363e-07,-0.963744,-0.26683,3.33561e-06,-0.963744,-0.26683,-1.79083e-06,-0.963744,-0.26683,6.00079e-06,-0.963744,-0.266831,-4.95747e-06,-0.963743,-0.26683,-1.02531e-07,-0.963744,-0.266829,-7.2938e-08,-0.963744,-0.266829,4.19749e-07,-0.963744,0.437711,-0.890911,-0.121188,0.959184,-0.0971587,-0.265567,-0.117472,0.992543,0.0325243,-0.526485,-0.837595,0.145766,0.963339,-0.0289731,-0.266717,0.240141,-0.968458,-0.0664874,-0.65815,-0.730503,0.182221,-0.616444,0.768679,0.170674,0.963727,0.00598683,-0.266824,-0.963397,-0.0268177,0.266733,0.0269747,-0.999608,-0.00746839,-0.6967,-0.690942,0.192895,0.0136295,-0.9999,-0.00377352,0.0729019,-0.997135,-0.0201842,-0.962022,-0.0597436,0.266353,-0.963122,-0.0359049,0.266657,0.580711,-0.798075,-0.16078,-0.161613,-0.985839,0.0447455,0.674754,-0.714007,-0.186818,0.0323221,0.999438,-0.00894899,0.0440953,0.998953,-0.0122086,0.599774,0.782749,-0.166058,-0.959224,0.0967308,0.265579,0.117472,0.992543,-0.0325243,0.603213,0.779898,-0.16701,0.962291,0.0548906,-0.266428,-0.588612,-0.791819,0.162967,-0.615192,0.769758,0.170327,-0.0704856,0.997322,0.0195152],
    "vertices":[-0.398969,2.27246,0.388016,-0.347469,1.3004,0.373757,0.0375557,0.979776,0.267156,0.439748,1.32585,0.155803,0.532939,2.32081,0.130001,0.952297,2.26737,0.0138938,0.851736,1.19849,0.0417359,0.367872,0.706177,0.175702,0.748749,0.391963,0.0702499,1.11415,0.379239,-0.0309192,1.10435,0.0280779,-0.0282036,0.590378,0.0205351,0.114098,0.336514,0.192337,0.184384,0.0531463,0.419131,0.26284,-0.258009,0.175366,0.348989,-0.475968,0.0600724,0.409335,-0.620297,0.021541,0.449294,-0.740467,0.0180496,0.482566,-0.923706,0.0503916,0.533299,-0.93359,0.432677,0.536035,-0.612327,0.417409,0.447088,-0.276417,0.707443,0.354085,-0.563965,0.98637,0.433698,-0.75947,1.19862,0.487827,-0.818328,2.21902,0.504123,-0.129207,2.21139,0.313328,0.238652,2.23938,0.211479,0.241104,1.81442,0.2108,-0.114492,1.78643,0.309253,0.0819711,1.81442,-0.363962,-0.273625,1.78643,-0.265509,0.208738,0.706177,-0.39906,-0.105987,0.419131,-0.311922,-0.121577,0.979776,-0.307606,-0.723099,0.98637,-0.141064,-0.28834,2.21139,-0.261435,0.0795192,2.23938,-0.363283,0.955022,0.379239,-0.605682,0.177381,0.192337,-0.390378,0.589616,0.391963,-0.504512,-0.417142,0.175366,-0.225773,-1.08284,0.0503915,-0.0414635,0.945212,0.0280779,-0.602965,0.431245,0.0205351,-0.460664,-0.635101,0.0600724,-0.165428,-0.558103,2.27246,-0.186746,-0.977461,2.21902,-0.0706394,-0.77943,0.021541,-0.125468,-0.8996,0.0180496,-0.0921966,-0.506602,1.3004,-0.201005,-0.918604,1.19862,-0.0869352,0.280615,1.32585,-0.41896,0.373805,2.32081,-0.444762,0.793164,2.26737,-0.560869,0.692603,1.19849,-0.533026,-0.43555,0.707443,-0.220677,-0.771461,0.417409,-0.127674,-1.09272,0.432677,-0.038727],
    "metadata":{
        "normals":73,
        "version":3,
        "generator":"io_three",
        "materials":1,
        "uvs":1,
        "morphTargets":0,
        "vertices":58,
        "type":"Geometry",
        "faces":73
    },
    "materials":[{
        "blending":"NormalBlending",
        "DbgName":"yi",
        "transparent":false,
        "DbgColor":15658734,
        "mapDiffuseRepeat":[1,1],
        "mapDiffuseWrap":["repeat","repeat"],
        "colorDiffuse":[1,1,1],
        "wireframe":false,
        "depthWrite":true,
        "colorEmissive":[0,0,0],
        "mapDiffuse":"yi.jpg",
        "opacity":1,
        "DbgIndex":0,
        "visible":true,
        "depthTest":true,
        "doubleSided":false,
        "shading":"basic",
        "mapDiffuseAnisotropy":1
    }],
    "faces":[42,2,6,3,0,0,1,2,0,0,0,42,23,2,1,0,3,0,4,1,1,1,42,22,2,23,0,5,0,3,2,2,2,42,2,7,6,0,0,6,1,3,3,3,42,22,7,2,0,5,6,0,4,4,4,42,21,7,22,0,7,6,5,5,5,5,42,20,7,21,0,8,6,7,6,6,6,42,20,13,7,0,8,9,6,7,7,7,42,13,8,7,0,9,10,6,8,8,8,42,18,20,19,0,11,8,12,9,9,9,42,12,8,13,0,13,10,9,10,10,10,42,18,13,20,0,11,9,8,11,11,11,42,12,9,8,0,13,14,10,12,12,12,42,12,10,9,0,13,15,14,13,13,13,42,18,14,13,0,11,16,9,14,14,14,42,18,15,14,0,11,17,16,15,15,15,42,11,10,12,0,18,15,13,16,16,16,42,18,16,15,0,11,19,17,17,17,17,42,17,16,18,0,20,19,11,18,18,18,43,5,4,3,6,0,21,22,2,1,19,19,19,19,43,1,0,24,23,0,4,24,23,3,20,20,20,20,43,25,28,27,26,0,25,26,27,28,21,21,21,21,42,33,51,54,0,29,30,31,22,22,22,42,50,49,33,0,32,33,29,23,23,23,42,34,50,33,0,34,32,29,24,24,24,42,33,54,31,0,29,31,35,25,25,25,42,34,33,31,0,34,29,35,26,26,26,42,55,34,31,0,36,34,35,27,27,27,42,56,55,31,0,37,36,35,28,28,28,42,56,31,32,0,37,35,38,29,29,29,42,32,31,39,0,38,35,39,30,30,30,42,41,57,56,0,40,41,37,31,31,31,42,38,32,39,0,42,38,39,32,32,32,42,41,56,32,0,40,37,38,33,33,33,42,38,39,37,0,42,39,43,34,34,34,42,38,37,42,0,42,43,44,35,35,35,42,41,32,40,0,40,38,45,36,36,36,42,41,40,44,0,40,45,46,37,37,37,42,43,38,42,0,47,42,44,38,38,38,42,41,44,47,0,40,46,48,39,39,39,42,48,41,47,0,49,40,48,40,40,40,43,53,54,51,52,0,50,31,30,51,41,41,41,41,43,46,45,49,50,0,52,53,33,32,42,42,42,42,43,35,36,29,30,0,54,55,56,57,43,43,43,43,43,15,44,40,14,0,58,59,60,61,44,44,44,44,43,6,54,53,5,0,62,63,64,65,45,45,45,45,43,0,45,46,24,0,66,67,68,69,46,46,46,46,43,12,38,43,11,0,70,71,72,73,47,47,47,47,43,10,42,37,9,0,74,75,76,77,48,48,48,48,43,16,47,44,15,0,78,79,59,58,49,49,49,49,43,22,34,55,21,0,80,81,82,83,50,50,50,50,43,21,55,56,20,0,84,85,86,87,51,51,51,51,43,27,29,36,26,0,88,89,90,91,52,52,52,52,43,19,57,41,18,0,92,93,94,95,53,53,53,53,43,17,48,47,16,0,96,97,79,78,54,54,54,54,43,23,50,34,22,0,98,99,81,80,55,55,55,55,43,11,43,42,10,0,73,72,100,101,56,56,56,56,43,28,30,29,27,0,102,103,104,105,57,57,57,57,43,24,46,50,23,0,106,107,99,98,58,58,58,58,43,25,35,30,28,0,108,109,110,111,59,59,59,59,43,14,40,32,13,0,61,60,112,113,60,60,60,60,43,18,41,48,17,0,114,115,97,96,61,61,61,61,43,7,31,54,6,0,116,117,118,119,62,62,62,62,43,9,37,39,8,0,120,121,122,123,63,63,63,63,43,20,56,57,19,0,87,86,124,125,64,64,64,64,43,8,39,31,7,0,123,122,126,127,65,65,65,65,43,4,52,51,3,0,128,129,130,131,66,66,66,66,43,5,53,52,4,0,132,133,134,135,67,67,67,67,43,2,33,49,1,0,136,137,138,139,68,68,68,68,43,45,0,1,49,0,142,143,140,141,69,69,69,69,43,13,32,38,12,0,113,112,71,70,70,70,70,70,43,3,51,33,2,0,144,145,137,136,71,71,71,71,43,26,36,35,25,0,146,147,148,149,72,72,72,72],