{
    "morphTargets":[],
    "normals":[0.450706,1.78483e-07,0.892673,0.450706,0.000257279,0.892673,0.450702,-0.00073287,0.892674,0.450705,-5.23056e-07,0.892673,0.450704,-3.8135e-06,0.892674,0.450705,3.96887e-07,0.892673,0.450705,0,0.892673,0.450704,-0.00011385,0.892673,0.450704,-0.000105166,0.892673,0.450704,6.85855e-07,0.892674,0.450704,-7.30068e-07,0.892673,0.450705,4.53656e-07,0.892673,0.450705,-3.29447e-07,0.892673,-0.450705,4.0796e-07,-0.892673,-0.450705,-0.000142948,-0.892673,-0.450704,0.000216542,-0.892674,-0.450705,-7.05191e-07,-0.892673,-0.450705,-6.35584e-07,-0.892673,-0.450704,6.94551e-07,-0.892673,-0.450705,-4.84016e-08,-0.892673,-0.450705,-0.000227728,-0.892673,-0.450704,0.000374658,-0.892673,-0.450705,1.723e-06,-0.892673,-0.450705,-7.30068e-07,-0.892673,-0.450705,-4.53656e-07,-0.892673,-0.450705,3.29447e-07,-0.892673,-0.0287819,0.99948,0.0145318,0.0213742,-0.999713,-0.0107916,-0.017638,0.999805,0.00890534,-0.892673,0,0.450705,-0.888078,-0.101329,0.448385,-0.892589,-0.0136977,0.450664,-0.00302483,-0.999994,0.0015271,-0.00613488,-0.999976,0.00309735,0.892043,0.0375676,-0.450387,-0.00620069,0.999976,0.00313069,0.034528,-0.999252,-0.017433,-0.892669,0.00312428,0.450703,-0.0228816,0.999671,0.0115528,0.892635,0.0092583,-0.450686,-0.00254227,-0.999996,0.00128363,0.892642,-0.00833185,-0.450689,-7.34836e-09,-1,5.969e-08,0.0256769,-0.999586,-0.0129642,-0.892201,-0.0325048,0.450467,-0.892669,0.00303113,0.450703,0.891982,-0.0393419,-0.450356,0.892588,0.0137915,-0.450663,-0.0231452,0.999664,0.0116859,0.892632,0.00952336,-0.450685],
    "vertices":[-0.020479,0.831001,0.341289,-0.817789,0.833544,0.743845,-0.817789,1.10837,0.743845,-0.020479,1.13127,0.341289,-0.0182064,1.971,0.340141,-0.679225,1.97609,0.673884,-0.704212,2.25092,0.6865,1.01989,2.28908,-0.183985,1.00853,1.96591,-0.17825,0.338425,1.96846,0.16008,0.34524,1.14399,0.15664,1.13346,1.16689,-0.241329,1.14482,0.828455,-0.247064,0.349783,0.828455,0.154345,0.356597,0.026892,0.150905,-0.0227497,0.016714,0.342435,0.944925,1.38064,-0.146138,0.592838,1.36538,0.0316295,0.588294,1.7369,0.0339231,0.940383,1.74962,-0.143845,-0.615622,1.72417,0.641772,-0.288521,1.72672,0.476621,-0.290791,1.42136,0.477768,-0.606536,1.41118,0.637184,-0.289272,1.13127,-0.191088,-0.287,1.971,-0.192235,-1.08658,1.10837,0.211469,-0.289272,0.831001,-0.191088,-1.08658,0.833544,0.211469,0.876028,0.828455,-0.77944,0.0696317,1.96846,-0.372296,-0.948018,1.97609,0.141508,0.739735,1.96591,-0.710627,0.080989,0.828455,-0.378031,0.0764457,1.14399,-0.375736,-0.973006,2.25092,0.154124,-0.291544,0.0167139,-0.189941,0.751093,2.28908,-0.716362,0.087804,0.026892,-0.381472,0.86467,1.16689,-0.773706,-0.557314,1.72672,-0.0557557,-0.559585,1.42136,-0.0546094,-0.875329,1.41118,0.104808,0.3195,1.7369,-0.498453,0.671589,1.74962,-0.67622,0.676132,1.38064,-0.678515,0.324043,1.36538,-0.500747,-0.884415,1.72417,0.109396],
    "metadata":{
        "normals":50,
        "version":3,
        "generator":"io_three",
        "materials":1,
        "uvs":1,
        "morphTargets":0,
        "vertices":48,
        "type":"Geometry",
        "faces":50
    },
    "materials":[{
        "blending":"NormalBlending",
        "DbgName":"ping",
        "transparent":false,
        "DbgColor":15658734,
        "mapDiffuseRepeat":[1,1],
        "mapDiffuseWrap":["repeat","repeat"],
        "colorDiffuse":[1,1,1],
        "wireframe":false,
        "depthWrite":true,
        "colorEmissive":[0,0,0],
        "mapDiffuse":"ping.jpg",
        "opacity":1,
        "DbgIndex":0,
        "visible":true,
        "depthTest":true,
        "doubleSided":false,
        "shading":"basic",
        "mapDiffuseAnisotropy":1
    }],
    "faces":[43,18,17,16,19,0,0,1,2,3,0,0,0,0,42,4,8,5,0,4,5,6,1,1,1,42,9,8,4,0,7,5,4,2,2,2,42,10,12,11,0,8,9,10,3,3,3,42,3,12,10,0,11,9,8,4,4,4,42,2,12,3,0,12,9,11,5,5,5,42,1,12,2,0,13,9,12,6,6,6,42,0,12,1,0,14,9,13,7,7,7,42,13,12,0,0,15,9,14,8,8,8,43,20,23,22,21,0,16,17,18,19,9,9,9,9,43,7,6,5,8,0,20,21,6,5,10,10,10,10,43,4,3,10,9,0,4,11,8,7,11,11,11,11,43,0,15,14,13,0,14,22,23,15,12,12,12,12,43,43,44,45,46,0,24,25,26,27,13,13,13,13,42,25,31,32,0,28,29,30,14,14,14,42,30,25,32,0,31,28,30,15,15,15,42,34,39,29,0,32,33,34,16,16,16,42,24,34,29,0,35,32,34,17,17,17,42,26,24,29,0,36,35,34,18,18,18,42,28,26,29,0,37,36,34,19,19,19,42,27,28,29,0,38,37,34,20,20,20,42,33,27,29,0,39,38,34,21,21,21,43,47,40,41,42,0,40,41,42,43,22,22,22,22,43,37,32,31,35,0,44,30,29,45,23,23,23,23,43,25,30,34,24,0,28,31,32,35,24,24,24,24,43,27,33,38,36,0,38,39,46,47,25,25,25,25,43,19,44,43,18,0,48,49,50,51,26,26,26,26,43,15,36,38,14,0,52,53,54,55,27,27,27,27,43,7,37,35,6,0,56,57,58,59,28,28,28,28,43,2,26,28,1,0,60,61,62,63,29,29,29,29,43,6,35,31,5,0,64,65,66,67,30,30,30,30,43,18,43,46,17,0,68,69,70,71,31,31,31,31,43,9,30,32,8,0,72,73,74,75,32,32,32,32,43,5,31,25,4,0,76,77,78,79,33,33,33,33,43,12,29,39,11,0,80,81,82,83,34,34,34,34,43,21,40,47,20,0,84,85,86,87,35,35,35,35,43,17,46,45,16,0,88,89,90,91,36,36,36,36,43,0,27,36,15,0,92,93,94,95,37,37,37,37,43,3,24,26,2,0,96,97,98,99,38,38,38,38,43,10,34,30,9,0,100,101,102,103,39,39,39,39,43,27,0,1,28,0,106,107,104,105,40,40,40,40,43,22,41,40,21,0,108,109,110,111,41,41,41,41,43,13,33,29,12,0,112,113,114,115,42,42,42,42,43,23,42,41,22,0,116,117,118,119,43,43,43,43,43,20,47,42,23,0,120,121,122,123,44,44,44,44,43,4,25,24,3,0,124,125,126,127,45,45,45,45,43,8,32,37,7,0,128,129,130,131,46,46,46,46,43,16,45,44,19,0,132,133,134,135,47,47,47,47,43,11,39,34,10,0,136,137,138,139,48,48,48,48,43,14,38,33,13,0,140,141,142,143,49,49,49,49],