{
    "faces":[42,16,20,19,0,0,1,2,0,0,0,42,16,11,20,0,0,3,1,1,1,1,42,16,12,11,0,0,4,3,2,2,2,42,16,15,12,0,0,5,4,3,3,3,42,7,1,8,0,6,7,8,4,4,4,42,2,1,7,0,9,7,6,5,5,5,42,4,6,5,0,10,11,12,6,6,6,42,4,3,6,0,10,13,11,7,7,7,42,28,43,39,0,14,15,16,8,8,8,42,28,25,26,0,14,17,18,9,9,9,42,28,26,43,0,14,18,15,10,10,10,43,15,14,13,12,0,5,19,20,4,11,11,11,11,43,2,7,6,3,0,9,6,11,13,12,12,12,12,43,0,9,8,1,0,21,22,8,7,13,13,13,13,43,16,19,18,17,0,0,2,23,24,14,14,14,14,43,21,20,11,10,0,25,1,3,26,15,15,15,15,42,28,39,41,0,14,16,27,16,16,16,42,33,35,24,0,28,29,30,17,17,17,42,31,33,24,0,31,28,30,18,18,18,42,36,38,37,0,32,33,34,19,19,19,42,36,37,32,0,32,34,35,20,20,20,43,41,39,40,42,0,27,16,36,37,21,21,21,21,43,31,32,37,33,0,31,35,34,28,22,22,22,22,43,22,24,35,23,0,38,30,29,39,23,23,23,23,43,28,29,27,25,0,14,40,41,17,24,24,24,24,43,30,34,43,26,0,42,43,15,18,25,25,25,25,43,4,36,32,3,0,44,45,46,47,26,26,26,26,43,15,41,42,14,0,48,49,50,51,27,27,27,27,43,8,35,33,7,0,52,53,54,55,28,28,28,28,43,19,25,27,18,0,56,57,58,59,29,29,29,29,43,3,32,31,2,0,60,61,62,63,30,30,30,30,43,13,40,39,12,0,64,65,66,67,31,31,31,31,43,17,29,28,16,0,68,69,70,71,32,32,32,32,43,14,42,40,13,0,72,73,74,75,33,33,33,33,43,7,33,37,6,0,76,77,78,79,34,34,34,34,43,20,26,25,19,0,80,81,82,83,35,35,35,35,43,22,0,1,24,0,86,87,84,85,36,36,36,36,43,6,37,38,5,0,88,89,90,91,37,37,37,37,43,11,43,34,10,0,92,93,94,95,38,38,38,38,43,2,31,24,1,0,96,97,98,99,39,39,39,39,43,21,30,26,20,0,100,101,102,103,40,40,40,40,43,12,39,43,11,0,104,105,106,107,41,41,41,41,43,9,23,35,8,0,108,109,110,111,42,42,42,42,43,10,34,30,21,0,112,113,114,115,41,41,41,41,43,0,22,23,9,0,116,117,118,119,43,43,43,43,43,16,28,41,15,0,120,121,122,123,44,44,44,44,43,5,38,36,4,0,124,125,126,127,45,45,45,45,43,18,27,29,17,0,128,129,130,131,46,46,46,46],
    "metadata":{
        "faces":48,
        "uvs":1,
        "normals":47,
        "materials":1,
        "generator":"io_three",
        "type":"Geometry",
        "morphTargets":0,
        "version":3,
        "vertices":44
    },
    "uvs":[[0.597478,0.921489,0.680527,0.9659,0.529085,0.966344,0.755581,0.965456,0.915906,0.965456,0.843515,0.924154,0.678307,0.804688,0.903914,0.802023,0.534859,0.806464,0.752473,0.803799,0.606805,0.592403,0.679638,0.641255,0.605916,0.643476,0.748032,0.591959,0.194391,0.921489,0.352495,0.965456,0.512819,0.965456,0.125998,0.966344,0.27744,0.9659,0.842183,0.882407,0.912797,0.880631,0.90347,0.860202,0.531305,0.853984,0.524644,0.879743,0.59881,0.87841,0.681415,0.992991,0.75647,0.992991,0.440428,0.924154,0.275219,0.804688,0.131772,0.806464,0.500827,0.802023,0.349385,0.803799,0.203718,0.592403,0.202829,0.643476,0.276551,0.641255,0.344945,0.591959,0.509709,0.880631,0.439096,0.882407,0.500383,0.860202,0.128219,0.853984,0.195724,0.87841,0.121557,0.879743,0.278327,0.992991,0.353382,0.992991,0.664827,0.298945,0.664827,0.582383,0.566201,0.582383,0.566201,0.298945,0.937733,0.582383,0.937733,0.298945,0.966889,0.298945,0.966889,0.582383,0.708584,0.00959301,0.708584,0.293031,0.608399,0.293031,0.608399,0.00959301,0.272346,0.582383,0.272346,0.298945,0.332833,0.298945,0.332833,0.582383,0.453154,0.29303,0.453154,0.00959301,0.601119,0.00959301,0.601119,0.29303,0.731364,0.298945,0.731364,0.582383,0.672107,0.582383,0.672107,0.298945,0.882232,0.29303,0.882232,0.00959301,0.912305,0.00959301,0.912305,0.29303,0.797725,0.582383,0.797725,0.298945,0.847049,0.298945,0.847049,0.582383,0.121042,0.298945,0.121042,0.582383,0.00690985,0.582383,0.00690982,0.298945,0.340113,0.582383,0.340113,0.298945,0.445874,0.298945,0.445874,0.582383,0.834328,0.29303,0.834328,0.00959301,0.874952,0.00959301,0.874952,0.29303,0.827048,0.00959301,0.827048,0.29303,0.775559,0.29303,0.775558,0.00959301,0.938819,0.00959301,0.938819,0.29303,0.919585,0.29303,0.919585,0.00959301,0.558922,0.298945,0.558922,0.582383,0.453154,0.582383,0.453154,0.298945,0.99309,0.298945,0.99309,0.582383,0.974169,0.582383,0.974169,0.298945,0.240285,0.298945,0.240285,0.582382,0.128322,0.582382,0.128322,0.298945,0.897274,0.582383,0.897274,0.298945,0.930453,0.298945,0.930453,0.582383,0.768279,0.00959301,0.768279,0.29303,0.715864,0.29303,0.715864,0.00959301,0.266799,0.00959301,0.266799,0.29303,0.00690985,0.29303,0.00690982,0.00959304,0.445874,0.00959301,0.445874,0.293031,0.274079,0.293031,0.274079,0.00959304,0.889994,0.298945,0.889994,0.582383,0.854329,0.582383,0.854329,0.298945,0.738644,0.582383,0.738644,0.298945,0.790446,0.298945,0.790446,0.582383]],
    "morphTargets":[],
    "vertices":[1.09339,1.54565,-0.0439807,1.09584,1.2123,-0.0446597,0.259577,1.22248,0.186875,0.235052,0.00868226,0.193665,-0.544807,0.0112277,0.409583,-0.549712,0.303862,0.410941,-0.142616,0.291138,0.298229,-0.149972,1.22757,0.300266,-0.942094,1.23775,0.519579,-0.961714,1.51003,0.525011,0.281648,2.3065,0.180765,0.276744,2.14873,0.182122,1.16206,2.14873,-0.0629922,1.14489,1.66271,-0.0582395,0.754958,1.67289,0.0497197,0.762317,1.91208,0.0476827,-0.596308,1.89681,0.423842,-0.58895,1.64998,0.421805,-0.9985,1.65762,0.535196,-0.973976,2.15382,0.528407,-0.137711,2.15128,0.296872,-0.132807,2.3065,0.295514,0.934255,1.54565,-0.618743,-1.12085,1.51003,-0.0497513,0.936709,1.2123,-0.619422,-1.13311,2.15382,-0.0463558,-0.296844,2.15128,-0.277891,-1.15763,1.65762,-0.0395661,-0.755441,1.89681,-0.15092,-0.748083,1.64998,-0.152957,-0.291939,2.3065,-0.279249,0.100444,1.22248,-0.387887,0.0759194,0.00868223,-0.381097,-0.309105,1.22757,-0.274497,0.122515,2.3065,-0.393998,-1.10123,1.23775,-0.0551835,-0.70394,0.0112277,-0.165179,-0.301749,0.291138,-0.276533,-0.708845,0.303862,-0.163821,1.00292,2.14873,-0.637755,0.985756,1.66271,-0.633002,0.603184,1.91208,-0.52708,0.595825,1.67289,-0.525043,0.117611,2.14873,-0.39264],
    "normals":[0.26683,-5.03384e-07,0.963744,0.26683,-4.04043e-07,0.963744,0.26683,5.15123e-07,0.963744,0.26683,-2.73179e-07,0.963744,0.266825,-0.000491082,0.963745,0.266882,0.00484818,0.963717,0.26683,-2.1107e-07,0.963744,0.26683,1.96443e-07,0.963744,-0.26683,-3.86342e-07,-0.963744,-0.26683,5.36942e-07,-0.963744,-0.26683,4.37712e-07,-0.963744,0.26683,-8.60944e-07,0.963744,0.266829,-1.3535e-07,0.963744,0.26683,5.56112e-07,0.963744,0.26683,3.04528e-07,0.963744,0.26683,-2.21389e-07,0.963744,-0.26683,4.55297e-08,-0.963744,-0.266824,0.000491082,-0.963745,-0.266881,-0.00468655,-0.963718,-0.26683,1.62071e-07,-0.963744,-0.26683,-1.80072e-07,-0.963744,-0.26683,8.22961e-07,-0.963744,-0.266829,1.3535e-07,-0.963744,-0.26683,-5.56112e-07,-0.963744,-0.26683,-2.1926e-07,-0.963744,-0.26683,2.49063e-07,-0.963744,-0.00303161,-0.999995,0.000839398,-0.963253,0.0319043,0.266693,-0.0119334,-0.999923,0.00330397,-0.962479,0.0512145,0.266479,0.963532,-0.0209604,-0.266771,0.963097,-0.0366253,-0.26665,0.963283,0.0309186,-0.266702,-0.0242367,-0.999684,0.00671076,-0.963712,-0.00815023,0.26682,0.002827,0.999996,-0.000782705,0.963716,0.00763745,-0.266821,0.0290163,0.999547,-0.0080337,0.963243,-0.0322347,-0.266691,-0.0113038,-0.999931,0.00312966,-0.963226,0.0327687,0.266686,-0,1,0,-0.961061,-0.0745614,0.266086,-0.0160988,0.99986,0.00445722,0.0104379,-0.999941,-0.00288951,-0.963598,-0.0173887,0.266789,-0.0173071,-0.999839,0.00479218],
    "materials":[{
        "mapDiffuseRepeat":[1,1],
        "DbgColor":15658734,
        "depthTest":true,
        "DbgIndex":0,
        "doubleSided":false,
        "colorDiffuse":[1,1,1],
        "colorEmissive":[0,0,0],
        "transparent":false,
        "mapDiffuseAnisotropy":1,
        "mapDiffuse":"ning.jpg",
        "blending":"NormalBlending",
        "wireframe":false,
        "visible":true,
        "depthWrite":true,
        "mapDiffuseWrap":["repeat","repeat"],
        "DbgName":"ning",
        "opacity":1,
        "shading":"basic"
    }]
}