{
    "faces":[42,14,16,15,0,0,1,2,0,0,0,42,13,12,14,0,3,4,0,1,1,1,42,12,16,14,0,4,1,0,2,2,2,42,12,17,16,0,4,5,1,3,3,3,42,18,2,19,0,6,7,8,4,4,4,42,11,2,18,0,9,7,6,5,5,5,42,10,2,11,0,10,7,9,6,6,6,42,7,2,10,0,11,7,10,7,7,7,42,7,6,2,0,11,12,7,8,8,8,42,6,3,2,0,12,13,7,9,9,9,42,21,1,0,0,14,15,16,10,10,10,42,21,20,1,0,14,17,15,11,11,11,43,6,5,4,3,0,12,18,19,13,12,12,12,12,43,7,10,9,8,0,11,10,20,21,13,13,13,13,43,2,1,20,19,0,7,15,17,8,14,14,14,14,43,12,11,18,17,0,4,9,6,5,15,15,15,15,42,39,37,38,0,22,23,24,16,16,16,42,41,39,32,0,25,22,26,17,17,17,42,32,39,38,0,26,22,24,18,18,18,42,32,38,33,0,26,24,27,19,19,19,42,30,42,24,0,28,29,30,20,20,20,42,29,30,24,0,31,28,30,21,21,21,42,31,29,24,0,32,31,30,22,22,22,42,26,31,24,0,33,32,30,23,23,23,42,26,24,25,0,33,30,34,24,24,24,42,25,24,27,0,34,30,35,25,25,25,42,40,22,23,0,36,37,38,26,26,26,42,40,23,36,0,36,38,39,27,27,27,43,25,27,28,35,0,34,35,40,41,28,28,28,28,43,26,34,43,31,0,33,42,43,32,29,29,29,29,43,24,42,36,23,0,30,29,39,38,30,30,30,30,43,32,33,30,29,0,26,27,28,31,31,31,31,31,43,0,22,40,21,0,44,45,46,47,32,32,32,32,43,5,35,28,4,0,48,49,50,51,33,33,33,33,43,12,32,29,11,0,52,53,54,55,34,34,34,34,43,11,29,31,10,0,56,57,58,59,35,35,35,35,43,16,38,37,15,0,60,61,62,63,36,36,36,36,43,9,43,34,8,0,64,65,66,67,37,37,37,37,43,8,34,26,7,0,68,69,70,71,38,38,38,38,43,10,31,43,9,0,72,73,74,75,39,39,39,39,43,22,0,1,23,0,78,79,76,77,40,40,40,40,43,18,30,33,17,0,80,81,82,83,41,41,41,41,43,4,28,27,3,0,84,85,86,87,42,42,42,42,43,3,27,24,2,0,88,89,90,91,43,43,43,43,43,14,39,41,13,0,92,93,94,95,44,44,44,44,43,7,26,25,6,0,96,97,98,99,45,45,45,45,43,21,40,36,20,0,100,101,102,103,46,46,46,46,43,6,25,35,5,0,104,105,106,107,47,47,47,47,43,17,33,38,16,0,108,109,110,111,48,48,48,48,43,15,37,39,14,0,112,113,114,115,49,49,49,49,43,13,41,32,12,0,116,117,118,119,50,50,50,50,43,19,42,30,18,0,120,121,122,123,51,51,51,51,43,2,24,23,1,0,124,125,126,127,52,52,52,52,43,20,36,42,19,0,128,129,130,131,53,53,53,53],
    "metadata":{
        "faces":54,
        "uvs":1,
        "normals":54,
        "materials":1,
        "generator":"io_three",
        "type":"Geometry",
        "morphTargets":0,
        "version":3,
        "vertices":44
    },
    "uvs":[[0.657773,0.934684,0.974106,0.899342,0.965816,0.962172,0.662136,0.887125,0.782561,0.891924,0.855864,0.894542,0.855864,0.844801,0.913458,0.790698,0.989378,0.848728,0.782125,0.84262,0.649483,0.838693,0.724966,0.788952,0.782125,0.789389,0.856299,0.789825,0.890769,0.638421,0.915203,0.695143,0.887715,0.695143,0.984579,0.642348,0.782125,0.577773,0.856736,0.578208,0.655592,0.640603,0.724094,0.641475,0.304932,0.934684,0.612976,0.962172,0.621266,0.899342,0.309296,0.887125,0.429721,0.891924,0.503023,0.894542,0.503023,0.844801,0.636538,0.848728,0.560617,0.790698,0.429284,0.84262,0.296643,0.838693,0.372126,0.788952,0.429284,0.789389,0.503459,0.789825,0.537928,0.638421,0.534874,0.695143,0.562362,0.695143,0.631738,0.642348,0.503896,0.578208,0.429284,0.577773,0.371253,0.641475,0.302751,0.640603,0.203026,0.995051,0.203026,0.550522,0.226275,0.550522,0.226275,0.995051,0.0508901,0.995051,0.0508901,0.550522,0.0814308,0.550522,0.0814308,0.995051,0.230467,0.995051,0.230467,0.550522,0.250637,0.550522,0.250637,0.995051,0.808419,0.00494938,0.808419,0.250259,0.680162,0.250259,0.680162,0.00494938,0.117861,0.995051,0.117861,0.550522,0.143648,0.550522,0.143648,0.995051,0.0856235,0.995051,0.0856235,0.550522,0.113668,0.550522,0.113668,0.995051,0.670263,0.00494938,0.670263,0.250259,0.527768,0.250259,0.527768,0.00494942,0.620078,0.260158,0.620078,0.540624,0.428523,0.540624,0.428523,0.260158,0.278538,0.995051,0.278538,0.550522,0.289784,0.550522,0.289784,0.995051,0.990649,0.00494938,0.990649,0.250259,0.942582,0.250259,0.942582,0.00494938,0.313366,0.250259,0.313366,0.00494938,0.517869,0.00494938,0.517869,0.250259,0.171243,0.550522,0.171243,0.995051,0.147841,0.995051,0.147841,0.550522,0.274345,0.550522,0.274345,0.995051,0.254829,0.995051,0.254829,0.550522,0.198833,0.550522,0.198833,0.995051,0.175435,0.995051,0.175435,0.550522,0.0466973,0.550522,0.0466974,0.995051,0.00826575,0.995051,0.00826573,0.550522,0.0049494,0.540624,0.00494938,0.260158,0.209389,0.260158,0.209389,0.540624,0.932683,0.00494938,0.932683,0.250259,0.818318,0.250259,0.818318,0.0049494,0.303468,0.00494938,0.303468,0.250259,0.00494951,0.250259,0.00494938,0.00494949,0.885449,0.260158,0.885449,0.540624,0.768976,0.540624,0.768976,0.260158,0.759077,0.260158,0.759077,0.540624,0.629977,0.540624,0.629977,0.260158,0.987714,0.260158,0.987714,0.540624,0.895348,0.540624,0.895348,0.260158,0.418624,0.260158,0.418624,0.540624,0.219288,0.540624,0.219288,0.260158]],
    "morphTargets":[],
    "vertices":[0.442672,0.700818,0.131391,0.597171,0.700818,0.0886149,0.587361,1.2581,0.091331,0.266099,1.25301,0.180278,0.268551,0.0188518,0.179599,-0.150806,0.0163099,0.295706,-0.150806,1.25046,0.295706,-0.472071,1.24792,0.384654,-0.476974,0.387828,0.386012,-0.862,0.382737,0.492612,-0.896334,1.53801,0.502119,-0.150806,1.56091,0.295706,-0.148355,1.84846,0.295027,-0.825214,1.82047,0.482428,-0.849738,2.09783,0.489218,0.881648,2.25814,0.00985231,0.928245,1.89171,-0.00304898,0.263648,1.86372,0.180957,0.263648,1.57363,0.180957,1.01408,1.59653,-0.0268131,0.987103,0.392919,-0.0193448,0.459839,0.370017,0.126638,0.283538,0.700818,-0.443371,0.438037,0.700818,-0.486147,0.428227,1.2581,-0.483431,-0.30994,1.25046,-0.279056,-0.631205,1.24792,-0.190109,0.106965,1.25301,-0.394484,0.109417,0.0188517,-0.395163,-0.30994,1.56091,-0.279056,0.104514,1.57363,-0.393805,-1.05547,1.53801,-0.0726438,-0.307488,1.84846,-0.279735,0.104514,1.86372,-0.393805,-0.636108,0.387828,-0.188751,-0.30994,0.0163098,-0.279056,0.82797,0.392919,-0.594107,0.722514,2.25814,-0.56491,0.769111,1.89171,-0.577811,-1.00887,2.09783,-0.0855442,0.300705,0.370017,-0.448124,-0.984348,1.82047,-0.0923344,0.854943,1.59653,-0.601575,-1.02113,0.382737,-0.08215],
    "normals":[0.26683,-5.34141e-07,0.963744,0.26683,5.33513e-07,0.963744,0.26683,1.15342e-06,0.963744,0.266815,0.000389203,0.963748,0.26683,1.91125e-07,0.963744,0.266829,-3.19385e-07,0.963744,0.26683,1.06525e-06,0.963744,0.26683,-9.21601e-07,0.963744,0.26683,-0.000100198,0.963743,0.266829,7.16309e-05,0.963744,0.266829,1.08883e-06,0.963744,0.26683,5.03083e-07,0.963744,0.266829,-1.73931e-08,0.963744,0.26683,9.29295e-08,0.963744,0.26683,4.99507e-09,0.963744,0.266829,-1.26363e-06,0.963744,-0.26683,4.16686e-07,-0.963744,-0.26683,1.09561e-06,-0.963744,-0.26683,1.44177e-06,-0.963744,-0.266821,-0.000238711,-0.963746,-0.26683,6.76289e-07,-0.963743,-0.266829,1.86308e-06,-0.963744,-0.266829,1.65705e-06,-0.963744,-0.26683,8.75521e-07,-0.963744,-0.266823,-0.000751487,-0.963745,-0.26683,3.85705e-05,-0.963743,-0.266831,1.90984e-07,-0.963743,-0.26683,-4.87362e-07,-0.963744,-0.26683,1.73931e-08,-0.963744,-0.26683,-1.1063e-07,-0.963744,-0.26683,-1.49852e-08,-0.963744,-0.266829,-3.7608e-07,-0.963744,-0.962349,-0.0537698,0.266445,0.00562976,-0.999983,-0.00155866,-0.963706,0.00884744,0.26682,-0.0285196,0.999562,0.00789619,0.955462,0.130814,-0.264538,0.01228,-0.999919,-0.0033999,0.963726,-0.00591598,-0.266826,-0.963285,-0.030823,0.266704,0,1,-0,0.963743,2.15327e-07,-0.266831,0.963741,0.00206146,-0.26683,0.0147064,-0.999884,-0.00407175,-0.959713,-0.0913596,0.265715,0.00735862,-0.999971,-0.00203738,0.0403075,-0.999125,-0.0111598,-0.963743,1.01227e-08,0.266831,0.0390838,-0.999177,-0.0108211,-0.0856597,0.996042,0.0237165,0.0383768,-0.999207,-0.0106254,-0.0283331,0.999568,0.00784457,-0.963583,-0.0182617,0.266786,0.963483,-0.0232474,-0.266759],
    "materials":[{
        "mapDiffuseRepeat":[1,1],
        "DbgColor":15658734,
        "depthTest":true,
        "DbgIndex":0,
        "doubleSided":false,
        "colorDiffuse":[1,1,1],
        "colorEmissive":[0,0,0],
        "transparent":false,
        "mapDiffuseAnisotropy":1,
        "mapDiffuse":"bi.jpg",
        "blending":"NormalBlending",
        "wireframe":false,
        "visible":true,
        "depthWrite":true,
        "mapDiffuseWrap":["repeat","repeat"],