{
    "morphTargets":[],
    "normals":[0.412154,-8.82119e-07,0.911114,0.412151,3.17435e-06,0.911116,0.412154,-1.34557e-06,0.911114,0.412149,0.00145293,0.911115,0.412153,2.8209e-05,0.911115,0.412153,1.39514e-06,0.911115,0.412154,-9.55409e-07,0.911114,0.412153,0.000131112,0.911114,0.412154,-6.97236e-07,0.911114,0.412154,1.6081e-06,0.911114,0.412132,-0.00153501,0.911123,0.412165,0.000724984,0.911109,0.412154,2.46618e-06,0.911114,0.412154,4.39378e-06,0.911114,0.412153,5.95819e-07,0.911114,0.412153,-9.20118e-07,0.911115,0.412154,1.48743e-06,0.911114,0.412153,-1.14672e-06,0.911115,0.412152,0.000216632,0.911115,0.412158,-0.000963739,0.911112,0.412153,7.82901e-08,0.911115,0.412154,-5.18696e-07,0.911114,0.412153,-5.56796e-07,0.911114,0.412153,-2.07056e-07,0.911115,0.412153,-1.56418e-06,0.911115,-0.412154,6.34858e-07,-0.911114,-0.412156,1.99531e-06,-0.911114,-0.412153,-1.23186e-06,-0.911115,-0.412156,0.000968623,-0.911113,-0.412153,-0.00028209,-0.911115,-0.412153,-4.32602e-07,-0.911114,-0.412154,-1.05337e-06,-0.911114,-0.412152,-0.000560869,-0.911115,-0.412154,-1.74309e-07,-0.911114,-0.412154,-1.04526e-06,-0.911114,-0.412142,0.000767549,-0.911119,-0.412152,7.24989e-05,-0.911115,-0.412154,-9.19712e-07,-0.911114,-0.412153,1.53782e-06,-0.911115,-0.412155,-6.70296e-06,-0.911114,-0.412154,0,-0.911114,-0.412154,3.71857e-07,-0.911114,-0.412153,1.32888e-06,-0.911114,-0.412153,-0.000108312,-0.911115,-0.412144,-0.001713,-0.911117,-0.412154,7.829e-08,-0.911114,-0.412153,7.66768e-07,-0.911115,-0.412154,-1.05173e-06,-0.911114,-0.412153,-1.59274e-08,-0.911115,-0.412153,1.24214e-06,-0.911114,0.845949,-0.371389,-0.382676,0.910632,0.0325411,-0.411935,-0.880883,0.255461,0.398478,-0.182585,-0.979715,0.0825946,-0.0141792,-0.999879,0.00641413,-0.00325403,0.999994,0.001472,-0.911077,-0.00904927,0.412137,-0,-1,0,-0.911082,-0.00840302,0.412139,-0.0201143,0.999756,0.00909895,-0.910554,-0.0350677,0.4119,0.00485924,-0.999986,-0.00219803,0.911048,-0.0120469,-0.412124,-0.0185903,0.999792,0.00840953,-0.0157065,-0.999851,0.00710503,0.909755,0.0546066,-0.411539,-0.00345108,0.999993,0.00156114,0.843424,-0.378244,-0.381533,-0.911062,-0.0107511,0.41213,0.00599405,-0.999978,-0.00271153,-0.0227708,0.999688,0.0103007,0.0372658,-0.999163,-0.0168576,0.00300717,-0.999995,-0.00136033,0.101201,0.993812,-0.0457794,0.910807,0.0259651,-0.412014,0.910834,-0.0247852,-0.412027,-0.911044,-0.0124207,0.412122,-0.0356445,0.999234,0.0161242,0.91083,0.0249902,-0.412025,0.90887,-0.0701381,-0.411139],
    "vertices":[0.01899,0.575391,0.374281,-0.850332,0.570303,0.767529,-0.859605,0.860359,0.771724,-0.632422,0.865448,0.668955,-0.639376,1.57532,0.672101,0.00971699,1.57787,0.378476,0.00739908,1.88064,0.379525,-0.465512,1.88064,0.593451,-0.553603,1.64402,0.633301,-0.859605,1.71272,0.771724,-0.708922,2.33863,0.703561,-0.31483,2.29029,0.525288,-0.36583,2.15035,0.548359,1.05522,2.21141,-0.0944706,1.07145,1.88573,-0.101811,0.369038,1.88319,0.215933,0.375991,1.57787,0.212787,0.987994,1.58041,-0.0640598,0.98104,1.27254,-0.0609141,0.385264,1.28272,0.208593,0.394537,0.890891,0.204398,1.1294,0.908701,-0.128028,1.10854,0.583024,-0.11859,0.40381,0.577936,0.200203,0.420038,0.0308998,0.192863,0.0236263,0.0130894,0.372184,-0.261511,0.873081,0.501169,0.0166717,0.880714,0.37533,0.0120354,1.29035,0.377427,-0.256875,1.29544,0.499072,-0.226813,0.575391,-0.169094,-1.09613,0.570303,0.224153,-1.10541,0.860359,0.228349,-0.878225,0.865448,0.12558,-0.885179,1.57532,0.128725,-0.236085,1.57787,-0.1649,-0.238403,1.88064,-0.163851,-0.711315,1.88064,0.0500759,-0.799406,1.64402,0.0899252,-1.10541,1.71272,0.228349,-0.954725,2.33863,0.160186,-0.560633,2.29029,-0.018087,-0.611633,2.15035,0.00498333,0.809419,2.21141,-0.637847,0.825647,1.88573,-0.645187,0.123235,1.88319,-0.327443,0.130189,1.57787,-0.330588,0.742191,1.58041,-0.607435,0.735237,1.27254,-0.604289,0.139462,1.28272,-0.334783,0.148735,0.890891,-0.338978,0.883601,0.908701,-0.671404,0.862738,0.583024,-0.661966,0.158008,0.577936,-0.343173,0.174235,0.0308998,-0.350513,-0.222177,0.0130893,-0.171192,-0.507314,0.873081,-0.0422063,-0.229131,0.880714,-0.168046,-0.233767,1.29035,-0.165948,-0.502677,1.29544,-0.0443035],
    "metadata":{
        "normals":80,
        "version":3,
        "generator":"io_three",
        "materials":1,
        "uvs":1,
        "morphTargets":0,
        "vertices":60,
        "type":"Geometry",
        "faces":80
    },
    "materials":[{
        "blending":"NormalBlending",
        "DbgName":"nian",
        "transparent":false,
        "DbgColor":15658734,
        "mapDiffuseRepeat":[1,1],
        "mapDiffuseWrap":["repeat","repeat"],
        "colorDiffuse":[1,1,1],
        "wireframe":false,
        "depthWrite":true,
        "colorEmissive":[0,0,0],
        "mapDiffuse":"nian.jpg",
        "opacity":1,
        "DbgIndex":0,
        "visible":true,
        "depthTest":true,
        "doubleSided":false,
        "shading":"basic",
        "mapDiffuseAnisotropy":1
    }],
    "faces":[42,9,11,10,0,0,1,2,0,0,0,42,9,12,11,0,0,3,1,1,1,1,42,9,7,12,0,0,4,3,2,2,2,42,7,15,14,0,4,5,6,3,3,3,42,7,6,15,0,4,7,5,4,4,4,42,9,8,7,0,0,8,4,5,5,5,42,16,18,17,0,9,10,11,6,6,6,42,4,16,5,0,12,9,13,7,7,7,42,4,18,16,0,12,10,9,8,8,8,42,29,18,4,0,14,10,12,9,9,9,42,28,18,29,0,15,10,14,10,10,10,42,19,18,28,0,16,10,15,11,11,11,42,20,22,21,0,17,18,19,12,12,12,42,27,22,20,0,20,18,17,13,13,13,42,26,22,27,0,21,18,20,14,14,14,42,3,22,26,0,22,18,21,15,15,15,42,2,22,3,0,23,18,22,16,16,16,42,1,22,2,0,24,18,23,17,17,17,42,1,23,22,0,24,25,18,18,18,18,42,1,0,23,0,24,26,25,19,19,19,43,0,25,24,23,0,26,27,28,25,20,20,20,20,43,19,28,27,20,0,16,15,20,17,21,21,21,21,43,12,7,14,13,0,3,4,6,29,22,22,22,22,43,29,4,3,26,0,14,12,22,21,23,23,23,23,43,15,6,5,16,0,5,7,13,9,24,24,24,24,42,39,40,41,0,30,31,32,25,25,25,42,39,41,42,0,30,32,33,26,26,26,42,39,42,37,0,30,33,34,27,27,27,42,37,44,45,0,34,35,36,28,28,28,42,37,45,36,0,34,36,37,29,29,29,42,39,37,38,0,30,34,38,30,30,30,42,46,47,48,0,39,40,41,31,31,31,42,34,35,46,0,42,43,39,32,32,32,42,34,46,48,0,42,39,41,33,33,33,42,59,34,48,0,44,42,41,34,34,34,42,58,59,48,0,45,44,41,35,35,35,42,49,58,48,0,46,45,41,36,36,36,42,50,51,52,0,47,48,49,37,37,37,42,57,50,52,0,50,47,49,38,38,38,42,56,57,52,0,51,50,49,39,39,39,42,33,56,52,0,52,51,49,40,40,40,42,32,33,52,0,53,52,49,41,41,41,42,31,32,52,0,54,53,49,42,42,42,42,31,52,53,0,54,49,55,43,43,43,42,31,53,30,0,54,55,56,44,44,44,43,30,53,54,55,0,56,55,57,58,45,45,45,45,43,49,50,57,58,0,46,47,50,45,46,46,46,46,43,42,43,44,37,0,33,59,35,34,47,47,47,47,43,59,56,33,34,0,44,51,52,42,48,48,48,48,43,45,46,35,36,0,36,39,43,37,49,49,49,49,43,12,42,41,11,0,60,61,62,63,50,50,50,50,43,24,54,53,23,0,64,65,66,67,51,51,51,51,43,10,40,39,9,0,68,69,70,71,52,52,52,52,43,9,39,38,8,0,67,66,72,73,53,53,53,53,43,19,49,48,18,0,74,75,76,77,54,54,54,54,43,5,35,34,4,0,78,79,80,81,55,55,55,55,43,0,30,55,25,0,82,83,84,85,56,56,56,56,43,7,37,36,6,0,86,87,75,88,57,57,57,57,43,6,36,35,5,0,89,90,91,92,58,58,58,58,43,21,51,50,20,0,93,94,95,96,59,59,59,59,43,2,32,31,1,0,97,98,99,100,60,60,60,60,43,30,0,1,31,0,103,104,101,102,61,61,61,61,43,26,56,59,29,0,105,106,107,108,62,62,62,62,43,3,33,32,2,0,109,110,111,112,63,63,63,63,43,29,59,58,28,0,113,114,115,116,64,64,64,64,43,14,44,43,13,0,117,118,119,120,65,65,65,65,43,17,47,46,16,0,77,76,121,122,66,66,66,66,43,8,38,37,7,0,116,115,123,124,67,67,67,67,43,4,34,33,3,0,125,121,126,127,68,68,68,68,43,23,53,52,22,0,61,128,65,129,69,69,69,69,43,27,57,56,26,0,98,130,131,132,70,70,70,70,43,25,55,54,24,0,83,82,114,113,71,71,71,71,43,15,45,44,14,0,69,133,134,135,72,72,72,72,43,11,41,40,10,0,136,91,137,70,73,73,73,73,43,20,50,49,19,0,138,117,139,76,74,74,74,74,43,18,48,47,17,0,120,119,132,140,75,75,75,75,43,28,58,57,27,0,141,142,108,107,76,76,76,76,43,13,43,42,12,0,143,144,145,146,77,77,77,77,43,16,46,45,15,0,147,148,149,150,78,78,78,78,43,22,52,51,21,0,151,152,76,153,79,79,79,79],